card_log_number,location_name,lower_river_mile,upper_river_mile,sample_datetime,samplers,card_number,position_number,fork_length_cm,poh_length,sex_type_description,mark_types,cwt_bag_number,snout_number,origin_type_description,gilbert_rich,european,card_sequence,species_code,species_description,card_type_description,fishery_type_description,gear_description,otolith_number,dna_number,carcass_tag_number
25-1-13-34208,Wallace River,,,2024-11-04,KC/FG,A70180,1,72,,Female,Unmarked,,,,4?,0.3,3-Jan,2,Chum,Regular Card,Non-Treaty,Broodstock Collection,1,501,
25-1-13-34208,Wallace River,,,2024-11-04,KC/FG,A70180,2,65,,Female,Unmarked,,,,4?,0.3,3-Jan,2,Chum,Regular Card,Non-Treaty,Broodstock Collection,2,502,
25-1-13-34208,Wallace River,,,2024-11-04,KC/FG,A70180,3,72,,Female,Unmarked,,,,4?,0.3,3-Jan,2,Chum,Regular Card,Non-Treaty,Broodstock Collection,3,503,
25-1-13-34208,Wallace River,,,2024-11-04,KC/FG,A70180,4,73,,Female,Unmarked,,,,4?,0.3,3-Jan,2,Chum,Regular Card,Non-Treaty,Broodstock Collection,4,504,
25-1-13-34208,Wallace River,,,2024-11-04,KC/FG,A70180,5,71,,Female,Unmarked,,,,4?,0.3,3-Jan,2,Chum,Regular Card,Non-Treaty,Broodstock Collection,5,505,
25-1-13-34208,Wallace River,,,2024-11-04,KC/FG,A70180,6,69,,Female,Unmarked,,,,4?,0.3,3-Jan,2,Chum,Regular Card,Non-Treaty,Broodstock Collection,6,506,
25-1-13-34208,Wallace River,,,2024-11-04,KC/FG,A70180,7,69,,Female,Unmarked,,,,4?,0.3,3-Jan,2,Chum,Regular Card,Non-Treaty,Broodstock Collection,7,507,
25-1-13-34208,Wallace River,,,2024-11-04,KC/FG,A70180,8,66,,Female,Unmarked,,,,4?,0.3,3-Jan,2,Chum,Regular Card,Non-Treaty,Broodstock Collection,8,508,
25-1-13-34208,Wallace River,,,2024-11-04,KC/FG,A70180,9,71,,Female,Unmarked,,,,4?,0.3,3-Jan,2,Chum,Regular Card,Non-Treaty,Broodstock Collection,9,509,
25-1-13-34208,Wallace River,,,2024-11-04,KC/FG,A70180,10,70,,Female,Unmarked,,,,4?,0.3,3-Jan,2,Chum,Regular Card,Non-Treaty,Broodstock Collection,10,510,
25-1-13-34208,Wallace River,,,2024-11-04,KC/FG,A70180,11,75,,Female,Unmarked,,,,4?,0.3,3-Jan,2,Chum,Regular Card,Non-Treaty,Broodstock Collection,11,511,
25-1-13-34208,Wallace River,,,2024-11-04,KC/FG,A70180,12,69,,Female,Unmarked,,,,4?,0.3,3-Jan,2,Chum,Regular Card,Non-Treaty,Broodstock Collection,12,512,
25-1-13-34208,Wallace River,,,2024-11-04,KC/FG,A70180,13,62,,Female,Unmarked,,,,4?,0.3,3-Jan,2,Chum,Regular Card,Non-Treaty,Broodstock Collection,13,513,
25-1-13-34208,Wallace River,,,2024-11-04,KC/FG,A70180,14,70,,Female,Unmarked,,,,4?,0.3,3-Jan,2,Chum,Regular Card,Non-Treaty,Broodstock Collection,14,514,
25-1-13-34208,Wallace River,,,2024-11-04,KC/FG,A70180,15,68,,Female,Unmarked,,,,4?,0.3,3-Jan,2,Chum,Regular Card,Non-Treaty,Broodstock Collection,15,515,
25-1-13-34208,Wallace River,,,2024-11-04,KC/FG,A70180,16,69,,Female,Unmarked,,,,4?,0.3,3-Jan,2,Chum,Regular Card,Non-Treaty,Broodstock Collection,16,516,
25-1-13-34208,Wallace River,,,2024-11-04,KC/FG,A70180,17,76,,Female,Unmarked,,,,4?,0.3,3-Jan,2,Chum,Regular Card,Non-Treaty,Broodstock Collection,17,517,
25-1-13-34208,Wallace River,,,2024-11-04,KC/FG,A70180,18,63,,Female,Unmarked,,,,4?,0.3,3-Jan,2,Chum,Regular Card,Non-Treaty,Broodstock Collection,18,518,
25-1-13-34208,Wallace River,,,2024-11-04,KC/FG,A70180,19,69,,Female,Unmarked,,,,4?,0.3,3-Jan,2,Chum,Regular Card,Non-Treaty,Broodstock Collection,19,519,
25-1-13-34208,Wallace River,,,2024-11-04,KC/FG,A70180,20,72,,Female,Unmarked,,,,4?,0.3,3-Jan,2,Chum,Regular Card,Non-Treaty,Broodstock Collection,20,520,
25-1-13-34208,Wallace River,,,2024-11-04,KC/FG,A70181,1,70,,Female,Unmarked,,,,4?,0.3,3-Feb,2,Chum,Regular Card,Non-Treaty,Broodstock Collection,21,521,
25-1-13-34208,Wallace River,,,2024-11-04,KC/FG,A70181,2,70,,Female,Unmarked,,,,4?,0.3,3-Feb,2,Chum,Regular Card,Non-Treaty,Broodstock Collection,22,522,
25-1-13-34208,Wallace River,,,2024-11-04,KC/FG,A70181,3,72,,Female,Unmarked,,,,4?,0.3,3-Feb,2,Chum,Regular Card,Non-Treaty,Broodstock Collection,23,523,
25-1-13-34208,Wallace River,,,2024-11-04,KC/FG,A70181,4,66,,Female,Unmarked,,,,4?,0.3,3-Feb,2,Chum,Regular Card,Non-Treaty,Broodstock Collection,24,524,
25-1-13-34208,Wallace River,,,2024-11-04,KC/FG,A70181,5,71,,Female,Unmarked,,,,4?,0.3,3-Feb,2,Chum,Regular Card,Non-Treaty,Broodstock Collection,25,525,
25-1-13-34208,Wallace River,,,2024-11-04,KC/FG,A70181,6,71,,Female,Unmarked,,,,5?,0.4,3-Feb,2,Chum,Regular Card,Non-Treaty,Broodstock Collection,26,526,
25-1-13-34208,Wallace River,,,2024-11-04,KC/FG,A70181,7,64,,Female,Unmarked,,,,4?,0.3,3-Feb,2,Chum,Regular Card,Non-Treaty,Broodstock Collection,27,527,
25-1-13-34208,Wallace River,,,2024-11-04,KC/FG,A70181,8,74,,Female,Unmarked,,,,4?,0.3,3-Feb,2,Chum,Regular Card,Non-Treaty,Broodstock Collection,28,528,
25-1-13-34208,Wallace River,,,2024-11-04,KC/FG,A70181,9,72,,Male,Unmarked,,,,4?,0.3,3-Feb,2,Chum,Regular Card,Non-Treaty,Broodstock Collection,29,529,
25-1-13-34208,Wallace River,,,2024-11-04,KC/FG,A70181,10,73,,Male,Unmarked,,,,4?,0.3,3-Feb,2,Chum,Regular Card,Non-Treaty,Broodstock Collection,30,530,
25-1-13-34208,Wallace River,,,2024-11-04,KC/FG,A70181,11,76,,Male,Unmarked,,,,4?,0.3,3-Feb,2,Chum,Regular Card,Non-Treaty,Broodstock Collection,31,531,
25-1-13-34208,Wallace River,,,2024-11-04,KC/FG,A70181,12,69,,Male,Unmarked,,,,4?,0.3,3-Feb,2,Chum,Regular Card,Non-Treaty,Broodstock Collection,32,532,
25-1-13-34208,Wallace River,,,2024-11-04,KC/FG,A70181,13,74,,Male,Unmarked,,,,4?,0.3,3-Feb,2,Chum,Regular Card,Non-Treaty,Broodstock Collection,33,533,
25-1-13-34208,Wallace River,,,2024-11-04,KC/FG,A70181,14,75,,Male,Unmarked,,,,4?,0.3,3-Feb,2,Chum,Regular Card,Non-Treaty,Broodstock Collection,34,534,
25-1-13-34208,Wallace River,,,2024-11-04,KC/FG,A70181,15,75,,Male,Unmarked,,,,4?,0.3,3-Feb,2,Chum,Regular Card,Non-Treaty,Broodstock Collection,35,535,
25-1-13-34208,Wallace River,,,2024-11-04,KC/FG,A70181,16,75,,Male,Unmarked,,,,4?,0.3,3-Feb,2,Chum,Regular Card,Non-Treaty,Broodstock Collection,36,536,
25-1-13-34208,Wallace River,,,2024-11-04,KC/FG,A70181,17,71,,Male,Unmarked,,,,4?,0.3,3-Feb,2,Chum,Regular Card,Non-Treaty,Broodstock Collection,37,537,
25-1-13-34208,Wallace River,,,2024-11-04,KC/FG,A70181,18,73,,Male,Unmarked,,,,4?,0.3,3-Feb,2,Chum,Regular Card,Non-Treaty,Broodstock Collection,38,538,
25-1-13-34208,Wallace River,,,2024-11-04,KC/FG,A70181,19,73,,Male,Unmarked,,,,4?,0.3,3-Feb,2,Chum,Regular Card,Non-Treaty,Broodstock Collection,39,539,
25-1-13-34208,Wallace River,,,2024-11-04,KC/FG,A70181,20,71,,Male,Unmarked,,,,4?,0.3,3-Feb,2,Chum,Regular Card,Non-Treaty,Broodstock Collection,40,540,
25-1-13-34208,Wallace River,,,2024-11-04,KC/FG,A70182,1,73,,Male,Unmarked,,,,4?,0.3,3-Mar,2,Chum,Regular Card,Non-Treaty,Hook & Line,41,541,
25-1-13-34208,Wallace River,,,2024-11-04,KC/FG,A70182,2,77,,Male,Unmarked,,,,4?,0.3,3-Mar,2,Chum,Regular Card,Non-Treaty,Hook & Line,42,542,
25-1-13-34208,Wallace River,,,2024-11-04,KC/FG,A70182,3,64,,Male,Unmarked,,,,3?,0.2,3-Mar,2,Chum,Regular Card,Non-Treaty,Hook & Line,43,543,
25-1-13-34208,Wallace River,,,2024-11-04,KC/FG,A70182,4,78,,Male,Unmarked,,,,4?,0.3,3-Mar,2,Chum,Regular Card,Non-Treaty,Hook & Line,44,544,
25-1-13-34208,Wallace River,,,2024-11-04,KC/FG,A70182,5,74,,Male,Unmarked,,,,4?,0.3,3-Mar,2,Chum,Regular Card,Non-Treaty,Hook & Line,45,545,
25-1-13-34208,Wallace River,,,2024-11-04,KC/FG,A70182,6,70,,Male,Unmarked,,,,3?,0.2,3-Mar,2,Chum,Regular Card,Non-Treaty,Hook & Line,46,546,
25-1-13-34208,Wallace River,,,2024-11-04,KC/FG,A70182,7,67,,Male,Unmarked,,,,4?,0.3,3-Mar,2,Chum,Regular Card,Non-Treaty,Hook & Line,47,547,
25-1-13-34208,Wallace River,,,2024-11-04,KC/FG,A70182,8,75,,Male,Unmarked,,,,4?,0.3,3-Mar,2,Chum,Regular Card,Non-Treaty,Hook & Line,48,548,
25-1-13-34208,Wallace River,,,2024-11-04,KC/FG,A70182,9,78,,Male,Unmarked,,,,4?,0.3,3-Mar,2,Chum,Regular Card,Non-Treaty,Hook & Line,49,549,
25-1-13-34208,Wallace River,,,2024-11-04,KC/FG,A70182,10,68,,Male,Unmarked,,,,4?,0.3,3-Mar,2,Chum,Regular Card,Non-Treaty,Hook & Line,50,550,
25-1-13-34208,Wallace River,,,2024-11-04,KC/FG,A70182,11,71,,Male,Unmarked,,,,4?,0.3,3-Mar,2,Chum,Regular Card,Non-Treaty,Hook & Line,51,551,
25-1-13-34208,Wallace River,,,2024-11-04,KC/FG,A70182,12,78,,Male,Unmarked,,,,4?,0.3,3-Mar,2,Chum,Regular Card,Non-Treaty,Hook & Line,52,552,
25-1-13-34208,Wallace River,,,2024-11-04,KC/FG,A70182,13,64,,Male,Unmarked,,,,3?,0.2,3-Mar,2,Chum,Regular Card,Non-Treaty,Hook & Line,53,553,
25-1-13-34208,Wallace River,,,2024-11-04,KC/FG,A70182,14,70,,Male,Unmarked,,,,4?,0.3,3-Mar,2,Chum,Regular Card,Non-Treaty,Hook & Line,54,554,
25-1-13-34208,Wallace River,,,2024-11-04,KC/FG,A70182,15,76,,Male,Unmarked,,,,4?,0.3,3-Mar,2,Chum,Regular Card,Non-Treaty,Hook & Line,55,555,
25-1-13-34208,Wallace River,,,2024-11-04,KC/FG,A70182,16,72,,Male,Unmarked,,,,4?,0.3,3-Mar,2,Chum,Regular Card,Non-Treaty,Hook & Line,56,556,
25-1-13-34208,Wallace River,,,2024-11-04,KC/FG,A70182,17,64,,Female,Unmarked,,,,4?,0.3,3-Mar,2,Chum,Regular Card,Non-Treaty,Hook & Line,57,557,
25-1-13-34208,May Creek,,,2024-11-05,FG/AH,A0325202507,1,64,,Female,Unmarked,,,,4?,0.3,1-Jan,2,Chum,Regular Card,Non-Treaty,Hatchery Rack,58,558,
25-1-13-34208,May Creek,,,2024-11-05,FG/AH,A0325202507,2,69,,Female,Unmarked,,,,4?,0.3,1-Jan,2,Chum,Regular Card,Non-Treaty,Hatchery Rack,59,559,
25-1-13-34208,May Creek,,,2024-11-05,FG/AH,A0325202507,3,61,,Female,Unmarked,,,,4?,0.3,1-Jan,2,Chum,Regular Card,Non-Treaty,Hatchery Rack,60,560,
25-1-13-34208,May Creek,,,2024-11-05,FG/AH,A0325202507,4,72,,Male,Unmarked,,,,4?,0.3,1-Jan,2,Chum,Regular Card,Non-Treaty,Hatchery Rack,61,561,
25-1-13-34208,May Creek,,,2024-11-05,FG/AH,A0325202507,5,71,,Male,Unmarked,,,,4?,0.3,1-Jan,2,Chum,Regular Card,Non-Treaty,Hatchery Rack,62,562,
25-1-13-34208,May Creek,,,2024-11-05,FG/AH,A0325202507,6,71,,Male,Unmarked,,,,4?,0.3,1-Jan,2,Chum,Regular Card,Non-Treaty,Hatchery Rack,63,563,
25-1-13-34208,May Creek,,,2024-11-05,FG/AH,A0325202507,7,67,,Male,Unmarked,,,,4?,0.3,1-Jan,2,Chum,Regular Card,Non-Treaty,Hatchery Rack,64,564,
25-1-13-34208,May Creek,,,2024-11-05,FG/AH,A0325202507,8,72,,Male,Unmarked,,,,4?,0.3,1-Jan,2,Chum,Regular Card,Non-Treaty,Hatchery Rack,65,565,
25-1-13-34208,May Creek,,,2024-11-06,FG/KC,A60951,1,70,,Female,Unmarked,,,,Unreadable,Unreadable,3-Jan,2,Chum,Regular Card,Non-Treaty,Hook & Line,66,566,
25-1-13-34208,May Creek,,,2024-11-06,FG/KC,A60951,2,66,,Female,Unmarked,,,,4?,0.3,3-Jan,2,Chum,Regular Card,Non-Treaty,Hook & Line,67,567,
25-1-13-34208,May Creek,,,2024-11-06,FG/KC,A60951,3,68,,Female,Unmarked,,,,4?,0.3,3-Jan,2,Chum,Regular Card,Non-Treaty,Hook & Line,68,568,
25-1-13-34208,May Creek,,,2024-11-06,FG/KC,A60951,4,74,,Female,Unmarked,,,,4?,0.3,3-Jan,2,Chum,Regular Card,Non-Treaty,Hook & Line,69,569,
25-1-13-34208,May Creek,,,2024-11-06,FG/KC,A60951,5,71,,Female,Unmarked,,,,4?,0.3,3-Jan,2,Chum,Regular Card,Non-Treaty,Hook & Line,70,570,
25-1-13-34208,May Creek,,,2024-11-06,FG/KC,A60951,6,69,,Female,Unmarked,,,,4?,0.3,3-Jan,2,Chum,Regular Card,Non-Treaty,Hook & Line,71,571,
25-1-13-34208,May Creek,,,2024-11-06,FG/KC,A60951,7,70,,Female,Unmarked,,,,4?,0.3,3-Jan,2,Chum,Regular Card,Non-Treaty,Hook & Line,72,572,
25-1-13-34208,May Creek,,,2024-11-06,FG/KC,A60951,8,66,,Female,Unmarked,,,,4?,0.3,3-Jan,2,Chum,Regular Card,Non-Treaty,Hook & Line,73,573,
25-1-13-34208,May Creek,,,2024-11-06,FG/KC,A60951,9,71,,Female,Unmarked,,,,4?,0.3,3-Jan,2,Chum,Regular Card,Non-Treaty,Hook & Line,74,574,
25-1-13-34208,May Creek,,,2024-11-06,FG/KC,A60951,10,73,,Female,Unmarked,,,,4?,0.3,3-Jan,2,Chum,Regular Card,Non-Treaty,Hook & Line,75,575,
25-1-13-34208,May Creek,,,2024-11-06,FG/KC,A60951,11,66,,Female,Unmarked,,,,4?,0.3,3-Jan,2,Chum,Regular Card,Non-Treaty,Hook & Line,76,576,
25-1-13-34208,May Creek,,,2024-11-06,FG/KC,A60951,12,70,,Female,Unmarked,,,,4?,0.3,3-Jan,2,Chum,Regular Card,Non-Treaty,Hook & Line,77,577,
25-1-13-34208,May Creek,,,2024-11-06,FG/KC,A60951,13,68,,Female,Unmarked,,,,4?,0.3,3-Jan,2,Chum,Regular Card,Non-Treaty,Hook & Line,78,578,
25-1-13-34208,May Creek,,,2024-11-06,FG/KC,A60951,14,68,,Female,Unmarked,,,,4?,0.3,3-Jan,2,Chum,Regular Card,Non-Treaty,Hook & Line,79,579,
25-1-13-34208,May Creek,,,2024-11-06,FG/KC,A60951,15,72,,Female,Unmarked,,,,4?,0.3,3-Jan,2,Chum,Regular Card,Non-Treaty,Hook & Line,80,580,
25-1-13-34208,May Creek,,,2024-11-06,FG/KC,A60951,16,71,,Female,Unmarked,,,,4?,0.3,3-Jan,2,Chum,Regular Card,Non-Treaty,Hook & Line,81,581,
25-1-13-34208,May Creek,,,2024-11-06,FG/KC,A60951,17,63,,Female,Unmarked,,,,4?,0.3,3-Jan,2,Chum,Regular Card,Non-Treaty,Hook & Line,82,582,
25-1-13-34208,May Creek,,,2024-11-06,FG/KC,A60951,18,74,,Female,Unmarked,,,,4?,0.3,3-Jan,2,Chum,Regular Card,Non-Treaty,Hook & Line,83,583,
25-1-13-34208,May Creek,,,2024-11-06,FG/KC,A60951,19,66,,Female,Unmarked,,,,4?,0.3,3-Jan,2,Chum,Regular Card,Non-Treaty,Hook & Line,84,584,
25-1-13-34208,May Creek,,,2024-11-06,FG/KC,A60951,20,69,,Female,Unmarked,,,,4?,0.3,3-Jan,2,Chum,Regular Card,Non-Treaty,Hook & Line,85,585,
25-1-13-34208,May Creek,,,2024-11-06,FG/KC,A60952,1,68,,Female,Unmarked,,,,4?,0.3,3-Feb,2,Chum,Regular Card,Non-Treaty,Hook & Line,86,586,
25-1-13-34208,May Creek,,,2024-11-06,FG/KC,A60952,2,67,,Female,Unmarked,,,,3?,0.2,3-Feb,2,Chum,Regular Card,Non-Treaty,Hook & Line,87,587,
25-1-13-34208,May Creek,,,2024-11-06,FG/KC,A60952,3,68,,Female,Unmarked,,,,4?,0.3,3-Feb,2,Chum,Regular Card,Non-Treaty,Hook & Line,88,588,
25-1-13-34208,May Creek,,,2024-11-06,FG/KC,A60952,4,62,,Female,Unmarked,,,,4?,0.3,3-Feb,2,Chum,Regular Card,Non-Treaty,Hook & Line,89,589,
25-1-13-34208,May Creek,,,2024-11-06,FG/KC,A60952,5,72,,Female,Unmarked,,,,4?,0.3,3-Feb,2,Chum,Regular Card,Non-Treaty,Hook & Line,90,590,
25-1-13-34208,May Creek,,,2024-11-06,FG/KC,A60952,6,78,,Female,Unmarked,,,,4?,0.3,3-Feb,2,Chum,Regular Card,Non-Treaty,Hook & Line,91,591,
25-1-13-34208,May Creek,,,2024-11-06,FG/KC,A60952,7,75,,Male,Unmarked,,,,4?,0.3,3-Feb,2,Chum,Regular Card,Non-Treaty,Hook & Line,92,592,
25-1-13-34208,May Creek,,,2024-11-06,FG/KC,A60952,8,72,,Male,Unmarked,,,,4?,0.3,3-Feb,2,Chum,Regular Card,Non-Treaty,Hook & Line,93,593,
25-1-13-34208,May Creek,,,2024-11-06,FG/KC,A60952,9,74,,Male,Unmarked,,,,4?,0.3,3-Feb,2,Chum,Regular Card,Non-Treaty,Hook & Line,94,594,
25-1-13-34208,May Creek,,,2024-11-06,FG/KC,A60952,10,71,,Male,Unmarked,,,,4?,0.3,3-Feb,2,Chum,Regular Card,Non-Treaty,Hook & Line,95,595,
25-1-13-34208,May Creek,,,2024-11-06,FG/KC,A60952,11,71,,Male,Unmarked,,,,4?,0.3,3-Feb,2,Chum,Regular Card,Non-Treaty,Hook & Line,96,596,
25-1-13-34208,May Creek,,,2024-11-06,FG/KC,A60952,12,73,,Male,Unmarked,,,,Unreadable,Unreadable,3-Feb,2,Chum,Regular Card,Non-Treaty,Hook & Line,97,597,
25-1-13-34208,May Creek,,,2024-11-06,FG/KC,A60952,13,69,,Male,Unmarked,,,,4?,0.3,3-Feb,2,Chum,Regular Card,Non-Treaty,Hook & Line,98,598,
25-1-13-34208,May Creek,,,2024-11-06,FG/KC,A60952,14,72,,Male,Unmarked,,,,4?,0.3,3-Feb,2,Chum,Regular Card,Non-Treaty,Hook & Line,99,599,
25-1-13-34208,May Creek,,,2024-11-06,FG/KC,A60952,15,70,,Male,Unmarked,,,,4?,0.3,3-Feb,2,Chum,Regular Card,Non-Treaty,Hook & Line,100,600,
25-1-13-34208,May Creek,,,2024-11-06,FG/KC,A60952,16,79,,Male,Unmarked,,,,4?,0.3,3-Feb,2,Chum,Regular Card,Non-Treaty,Hook & Line,101,601,
25-1-13-34208,May Creek,,,2024-11-06,FG/KC,A60952,17,72,,Male,Unmarked,,,,4?,0.3,3-Feb,2,Chum,Regular Card,Non-Treaty,Hook & Line,102,602,
25-1-13-34208,May Creek,,,2024-11-06,FG/KC,A60952,18,70,,Male,Unmarked,,,,4?,0.3,3-Feb,2,Chum,Regular Card,Non-Treaty,Hook & Line,103,603,
25-1-13-34208,May Creek,,,2024-11-06,FG/KC,A60952,19,71,,Male,Unmarked,,,,4?,0.3,3-Feb,2,Chum,Regular Card,Non-Treaty,Hook & Line,104,604,
25-1-13-34208,May Creek,,,2024-11-06,FG/KC,A60952,20,71,,Male,Unmarked,,,,4?,0.3,3-Feb,2,Chum,Regular Card,Non-Treaty,Hook & Line,105,605,
25-1-13-34208,Wallace River,,,2024-11-06,FG/KC,A60953,1,76,,Male,Unmarked,,,,4?,0.3,3-Mar,2,Chum,Regular Card,Non-Treaty,Hook & Line,106,606,
25-1-13-34208,Wallace River,,,2024-11-06,FG/KC,A60953,2,72,,Male,Unmarked,,,,4?,0.3,3-Mar,2,Chum,Regular Card,Non-Treaty,Hook & Line,107,607,
25-1-13-34208,Wallace River,,,2024-11-06,FG/KC,A60953,3,70,,Male,Unmarked,,,,4?,0.3,3-Mar,2,Chum,Regular Card,Non-Treaty,Hook & Line,108,608,
25-1-13-34208,Wallace River,,,2024-11-06,FG/KC,A60953,4,74,,Male,Unmarked,,,,4?,0.3,3-Mar,2,Chum,Regular Card,Non-Treaty,Hook & Line,109,609,
25-1-13-34208,Wallace River,,,2024-11-06,FG/KC,A60953,5,75,,Male,Unmarked,,,,4?,0.3,3-Mar,2,Chum,Regular Card,Non-Treaty,Hook & Line,110,610,
25-1-13-34208,Wallace River,,,2024-11-06,FG/KC,A60953,6,76,,Male,Unmarked,,,,4?,0.3,3-Mar,2,Chum,Regular Card,Non-Treaty,Hook & Line,111,611,
25-1-13-34208,Wallace River,,,2024-11-06,FG/KC,A60953,7,73,,Male,Unmarked,,,,4?,0.3,3-Mar,2,Chum,Regular Card,Non-Treaty,Hook & Line,112,612,
25-1-13-34208,Wallace River,,,2024-11-06,FG/KC,A60953,8,73,,Male,Unmarked,,,,4?,0.3,3-Mar,2,Chum,Regular Card,Non-Treaty,Hook & Line,113,613,
25-1-13-34208,Wallace River,,,2024-11-06,FG/KC,A60953,9,70,,Male,Unmarked,,,,4?,0.3,3-Mar,2,Chum,Regular Card,Non-Treaty,Hook & Line,114,614,
25-1-13-34208,Wallace River,,,2024-11-06,FG/KC,A60953,10,76,,Male,Unmarked,,,,4?,0.3,3-Mar,2,Chum,Regular Card,Non-Treaty,Hook & Line,115,615,
25-1-13-34208,Wallace River,,,2024-11-06,FG/KC,A60953,11,72,,Male,Unmarked,,,,4?,0.3,3-Mar,2,Chum,Regular Card,Non-Treaty,Hook & Line,116,616,
25-1-13-34208,Wallace River,,,2024-11-06,FG/KC,A60953,12,66,,Male,Unmarked,,,,3?,0.2,3-Mar,2,Chum,Regular Card,Non-Treaty,Hook & Line,117,617,
25-1-13-34208,Wallace River,,,2024-11-06,FG/KC,A60953,13,72,,Male,Unmarked,,,,Unreadable,Unreadable,3-Mar,2,Chum,Regular Card,Non-Treaty,Hook & Line,118,618,
25-1-13-34208,Wallace River,,,2024-11-06,FG/KC,A60953,14,63,,Female,Unmarked,,,,4?,0.3,3-Mar,2,Chum,Regular Card,Non-Treaty,Hook & Line,119,619,
25-1-13-34208,Wallace River,,,2024-11-12,WG,A0325202501,1,66,,Female,Unmarked,,,,4?,0.3,9-Apr,2,Chum,Regular Card,Non-Treaty,Hook & Line,250,740,
25-1-13-34208,Wallace River,,,2024-11-12,WG,A0325202501,2,66,,Female,Unmarked,,,,4?,0.3,9-Apr,2,Chum,Regular Card,Non-Treaty,Hook & Line,251,741,
25-1-13-34208,Wallace River,,,2024-11-12,WG,A0325202501,3,71,,Female,Unmarked,,,,4?,0.3,9-Apr,2,Chum,Regular Card,Non-Treaty,Hook & Line,252,742,
25-1-13-34208,Wallace River,,,2024-11-12,WG,A0325202501,4,69,,Female,Unmarked,,,,4?,0.3,9-Apr,2,Chum,Regular Card,Non-Treaty,Hook & Line,253,743,
25-1-13-34208,Wallace River,,,2024-11-12,WG,A0325202501,5,69,,Female,Unmarked,,,,4?,0.3,9-Apr,2,Chum,Regular Card,Non-Treaty,Hook & Line,254,744,
25-1-13-34208,Wallace River,,,2024-11-12,WG,A0325202501,6,68,,Female,Unmarked,,,,4?,0.3,9-Apr,2,Chum,Regular Card,Non-Treaty,Hook & Line,255,745,
25-1-13-34208,Wallace River,,,2024-11-12,WG,A0325202501,7,66,,Female,Unmarked,,,,4?,0.3,9-Apr,2,Chum,Regular Card,Non-Treaty,Hook & Line,256,746,
25-1-13-34208,Wallace River,,,2024-11-12,WG,A0325202501,8,66,,Female,Unmarked,,,,4?,0.3,9-Apr,2,Chum,Regular Card,Non-Treaty,Hook & Line,257,747,
25-1-13-34208,Wallace River,,,2024-11-12,WG,A0325202501,9,62,,Female,Unmarked,,,,3?,0.2,9-Apr,2,Chum,Regular Card,Non-Treaty,Hook & Line,258,748,
25-1-13-34208,Wallace River,,,2024-11-12,WG,A0325202501,10,72,,Female,Unmarked,,,,4?,0.3,9-Apr,2,Chum,Regular Card,Non-Treaty,Hook & Line,259,749,
25-1-13-34208,Wallace River,,,2024-11-12,WG,A0325202501,11,70,,Female,Unmarked,,,,4?,0.3,9-Apr,2,Chum,Regular Card,Non-Treaty,Hook & Line,260,750,
25-1-13-34208,Wallace River,,,2024-11-12,WG,A0325202501,12,69,,Female,Unmarked,,,,4?,0.3,9-Apr,2,Chum,Regular Card,Non-Treaty,Hook & Line,261,751,
25-1-13-34208,Wallace River,,,2024-11-12,WG,A0325202501,13,68,,Female,Unmarked,,,,4?,0.3,9-Apr,2,Chum,Regular Card,Non-Treaty,Hook & Line,262,752,
25-1-13-34208,Wallace River,,,2024-11-12,WG,A0325202501,14,67,,Male,Unmarked,,,,4?,0.3,9-Apr,2,Chum,Regular Card,Non-Treaty,Hook & Line,263,753,
25-1-13-34208,Wallace River,,,2024-11-12,WG,A0325202502,1,68,,Female,Unmarked,,,,4?,0.3,9-Mar,2,Chum,Regular Card,Non-Treaty,Hook & Line,230,720,
25-1-13-34208,Wallace River,,,2024-11-12,WG,A0325202502,2,72,,Female,Unmarked,,,,4?,0.3,9-Mar,2,Chum,Regular Card,Non-Treaty,Hook & Line,231,721,
25-1-13-34208,Wallace River,,,2024-11-12,WG,A0325202502,3,74,,Female,Unmarked,,,,Unreadable,Unreadable,9-Mar,2,Chum,Regular Card,Non-Treaty,Hook & Line,232,722,
25-1-13-34208,Wallace River,,,2024-11-12,WG,A0325202502,4,67,,Female,Unmarked,,,,4?,0.3,9-Mar,2,Chum,Regular Card,Non-Treaty,Hook & Line,233,723,
25-1-13-34208,Wallace River,,,2024-11-12,WG,A0325202502,5,70,,Female,Unmarked,,,,4?,0.3,9-Mar,2,Chum,Regular Card,Non-Treaty,Hook & Line,234,724,
25-1-13-34208,Wallace River,,,2024-11-12,WG,A0325202502,6,67,,Female,Unmarked,,,,4?,0.3,9-Mar,2,Chum,Regular Card,Non-Treaty,Hook & Line,235,725,
25-1-13-34208,Wallace River,,,2024-11-12,WG,A0325202502,7,64,,Female,Unmarked,,,,4?,0.3,9-Mar,2,Chum,Regular Card,Non-Treaty,Hook & Line,236,726,
25-1-13-34208,Wallace River,,,2024-11-12,WG,A0325202502,8,71,,Female,Unmarked,,,,4?,0.3,9-Mar,2,Chum,Regular Card,Non-Treaty,Hook & Line,237,727,
25-1-13-34208,Wallace River,,,2024-11-12,WG,A0325202502,9,71,,Female,Unmarked,,,,4?,0.3,9-Mar,2,Chum,Regular Card,Non-Treaty,Hook & Line,238,728,
25-1-13-34208,Wallace River,,,2024-11-12,WG,A0325202502,10,62,,Female,Unmarked,,,,3?,0.2,9-Mar,2,Chum,Regular Card,Non-Treaty,Hook & Line,239,729,
25-1-13-34208,Wallace River,,,2024-11-12,WG,A0325202502,11,74,,Female,Unmarked,,,,4?,0.3,9-Mar,2,Chum,Regular Card,Non-Treaty,Hook & Line,240,730,
25-1-13-34208,Wallace River,,,2024-11-12,WG,A0325202502,12,69,,Female,Unmarked,,,,4?,0.3,9-Mar,2,Chum,Regular Card,Non-Treaty,Hook & Line,241,731,
25-1-13-34208,Wallace River,,,2024-11-12,WG,A0325202502,13,64,,Female,Unmarked,,,,4?,0.3,9-Mar,2,Chum,Regular Card,Non-Treaty,Hook & Line,242,732,
25-1-13-34208,Wallace River,,,2024-11-12,WG,A0325202502,14,66,,Female,Unmarked,,,,Unreadable,Unreadable,9-Mar,2,Chum,Regular Card,Non-Treaty,Hook & Line,243,733,
25-1-13-34208,Wallace River,,,2024-11-12,WG,A0325202502,15,72,,Female,Unmarked,,,,4?,0.3,9-Mar,2,Chum,Regular Card,Non-Treaty,Hook & Line,244,734,
25-1-13-34208,Wallace River,,,2024-11-12,WG,A0325202502,16,67,,Female,Unmarked,,,,4?,0.3,9-Mar,2,Chum,Regular Card,Non-Treaty,Hook & Line,245,735,
25-1-13-34208,Wallace River,,,2024-11-12,WG,A0325202502,17,72,,Female,Unmarked,,,,4?,0.3,9-Mar,2,Chum,Regular Card,Non-Treaty,Hook & Line,246,736,
25-1-13-34208,Wallace River,,,2024-11-12,WG,A0325202502,18,70,,Female,Unmarked,,,,4?,0.3,9-Mar,2,Chum,Regular Card,Non-Treaty,Hook & Line,247,737,
25-1-13-34208,Wallace River,,,2024-11-12,WG,A0325202502,19,72,,Female,Unmarked,,,,4?,0.3,9-Mar,2,Chum,Regular Card,Non-Treaty,Hook & Line,248,738,
25-1-13-34208,Wallace River,,,2024-11-12,WG,A0325202502,20,68,,Female,Unmarked,,,,Unreadable,Unreadable,9-Mar,2,Chum,Regular Card,Non-Treaty,Hook & Line,249,739,
25-1-13-34208,Wallace River,,,2024-11-12,KC/BD/JL,A0325202503,1,76,,Male,Unmarked,,,,4?,0.3,9-Sep,2,Chum,Regular Card,Non-Treaty,Hook & Line,170,679,
25-1-13-34208,Wallace River,,,2024-11-12,KC/BD/JL,A0325202503,2,70,,Male,Unmarked,,,,4?,0.3,9-Sep,2,Chum,Regular Card,Non-Treaty,Hook & Line,171,680,
25-1-13-34208,Wallace River,,,2024-11-12,KC/BD/JL,A0325202503,3,74,,Male,Unmarked,,,,3?,0.2,9-Sep,2,Chum,Regular Card,Non-Treaty,Hook & Line,172,681,
25-1-13-34208,Wallace River,,,2024-11-12,KC/BD/JL,A0325202503,4,74,,Male,Unmarked,,,,4?,0.3,9-Sep,2,Chum,Regular Card,Non-Treaty,Hook & Line,173,682,
25-1-13-34208,Wallace River,,,2024-11-12,KC/BD/JL,A0325202503,5,74,,Male,Unmarked,,,,3?,0.2,9-Sep,2,Chum,Regular Card,Non-Treaty,Hook & Line,174,683,
25-1-13-34208,Wallace River,,,2024-11-12,KC/BD/JL,A0325202503,6,72,,Male,Unmarked,,,,4?,0.3,9-Sep,2,Chum,Regular Card,Non-Treaty,Hook & Line,175,684,
25-1-13-34208,Wallace River,,,2024-11-12,KC/BD/JL,A0325202503,7,75,,Male,Unmarked,,,,4?,0.3,9-Sep,2,Chum,Regular Card,Non-Treaty,Hook & Line,176,685,
25-1-13-34208,Wallace River,,,2024-11-12,KC/BD/JL,A0325202503,8,73,,Male,Unmarked,,,,4?,0.3,9-Sep,2,Chum,Regular Card,Non-Treaty,Hook & Line,177,686,
25-1-13-34208,Wallace River,,,2024-11-12,KC/BD/JL,A0325202503,9,67,,Male,Unmarked,,,,4?,0.3,9-Sep,2,Chum,Regular Card,Non-Treaty,Hook & Line,178,687,
25-1-13-34208,Wallace River,,,2024-11-12,KC/BD/JL,A0325202503,10,78,,Male,Unmarked,,,,4?,0.3,9-Sep,2,Chum,Regular Card,Non-Treaty,Hook & Line,179,688,
25-1-13-34208,Wallace River,,,2024-11-12,KC/BD/JL,A0325202503,11,79,,Male,Unmarked,,,,4?,0.3,9-Sep,2,Chum,Regular Card,Non-Treaty,Hook & Line,180,689,
25-1-13-34208,Wallace River,,,2024-11-12,KC/BD/JL,A0325202503,12,80,,Male,Unmarked,,,,4?,0.3,9-Sep,2,Chum,Regular Card,Non-Treaty,Hook & Line,181,690,
25-1-13-34208,Wallace River,,,2024-11-12,KC/BD/JL,A0325202503,13,79,,Male,Unmarked,,,,4?,0.3,9-Sep,2,Chum,Regular Card,Non-Treaty,Hook & Line,182,691,
25-1-13-34208,Wallace River,,,2024-11-12,KC/BD/JL,A0325202503,14,73,,Male,Unmarked,,,,4?,0.3,9-Sep,2,Chum,Regular Card,Non-Treaty,Hook & Line,183,692,
25-1-13-34208,Wallace River,,,2024-11-12,KC/BD/JL,A0325202503,15,65,,Male,Unmarked,,,,3?,0.2,9-Sep,2,Chum,Regular Card,Non-Treaty,Hook & Line,184,693,
25-1-13-34208,Wallace River,,,2024-11-12,KC/BD/JL,A0325202503,16,72,,Male,Unmarked,,,,4?,0.3,9-Sep,2,Chum,Regular Card,Non-Treaty,Hook & Line,185,694,
25-1-13-34208,Wallace River,,,2024-11-12,KC/BD/JL,A0325202503,17,75,,Male,Unmarked,,,,4?,0.3,9-Sep,2,Chum,Regular Card,Non-Treaty,Hook & Line,186,695,
25-1-13-34208,Wallace River,,,2024-11-12,KC/BD/JL,A0325202504,1,70,,Male,Unmarked,,,,4?,0.3,9-Aug,2,Chum,Regular Card,Non-Treaty,Hook & Line,150,659,
25-1-13-34208,Wallace River,,,2024-11-12,KC/BD/JL,A0325202504,2,72,,Male,Unmarked,,,,4?,0.3,9-Aug,2,Chum,Regular Card,Non-Treaty,Hook & Line,151,660,
25-1-13-34208,Wallace River,,,2024-11-12,KC/BD/JL,A0325202504,3,78,,Male,Unmarked,,,,4?,0.3,9-Aug,2,Chum,Regular Card,Non-Treaty,Hook & Line,152,661,
25-1-13-34208,Wallace River,,,2024-11-12,KC/BD/JL,A0325202504,4,78,,Male,Unmarked,,,,4?,0.3,9-Aug,2,Chum,Regular Card,Non-Treaty,Hook & Line,,662,
25-1-13-34208,Wallace River,,,2024-11-12,KC/BD/JL,A0325202504,5,73,,Male,Unmarked,,,,4?,0.3,9-Aug,2,Chum,Regular Card,Non-Treaty,Hook & Line,154,663,
25-1-13-34208,Wallace River,,,2024-11-12,KC/BD/JL,A0325202504,6,73,,Male,Unmarked,,,,4?,0.3,9-Aug,2,Chum,Regular Card,Non-Treaty,Hook & Line,155,664,
25-1-13-34208,Wallace River,,,2024-11-12,KC/BD/JL,A0325202504,7,77,,Male,Unmarked,,,,4?,0.3,9-Aug,2,Chum,Regular Card,Non-Treaty,Hook & Line,156,665,
25-1-13-34208,Wallace River,,,2024-11-12,KC/BD/JL,A0325202504,8,79,,Male,Unmarked,,,,4?,0.3,9-Aug,2,Chum,Regular Card,Non-Treaty,Hook & Line,157,666,
25-1-13-34208,Wallace River,,,2024-11-12,KC/BD/JL,A0325202504,9,71,,Male,Unmarked,,,,3?,0.2,9-Aug,2,Chum,Regular Card,Non-Treaty,Hook & Line,158,667,
25-1-13-34208,Wallace River,,,2024-11-12,KC/BD/JL,A0325202504,10,75,,Male,Unmarked,,,,4?,0.3,9-Aug,2,Chum,Regular Card,Non-Treaty,Hook & Line,159,668,
25-1-13-34208,Wallace River,,,2024-11-12,KC/BD/JL,A0325202504,11,69,,Male,Unmarked,,,,3?,0.2,9-Aug,2,Chum,Regular Card,Non-Treaty,Hook & Line,160,669,
25-1-13-34208,Wallace River,,,2024-11-12,KC/BD/JL,A0325202504,12,66,,Male,Unmarked,,,,3?,0.2,9-Aug,2,Chum,Regular Card,Non-Treaty,Hook & Line,161,670,
25-1-13-34208,Wallace River,,,2024-11-12,KC/BD/JL,A0325202504,13,78,,Male,Unmarked,,,,4?,0.3,9-Aug,2,Chum,Regular Card,Non-Treaty,Hook & Line,162,671,
25-1-13-34208,Wallace River,,,2024-11-12,KC/BD/JL,A0325202504,14,69,,Male,Unmarked,,,,4?,0.3,9-Aug,2,Chum,Regular Card,Non-Treaty,Hook & Line,163,672,
25-1-13-34208,Wallace River,,,2024-11-12,KC/BD/JL,A0325202504,15,68,,Male,Unmarked,,,,4?,0.3,9-Aug,2,Chum,Regular Card,Non-Treaty,Hook & Line,164,673,
25-1-13-34208,Wallace River,,,2024-11-12,KC/BD/JL,A0325202504,16,69,,Male,Unmarked,,,,4?,0.3,9-Aug,2,Chum,Regular Card,Non-Treaty,Hook & Line,165,674,
25-1-13-34208,Wallace River,,,2024-11-12,KC/BD/JL,A0325202504,17,71,,Male,Unmarked,,,,4?,0.3,9-Aug,2,Chum,Regular Card,Non-Treaty,Hook & Line,166,675,
25-1-13-34208,Wallace River,,,2024-11-12,KC/BD/JL,A0325202504,18,67,,Male,Unmarked,,,,4?,0.3,9-Aug,2,Chum,Regular Card,Non-Treaty,Hook & Line,167,676,
25-1-13-34208,Wallace River,,,2024-11-12,KC/BD/JL,A0325202504,19,63,,Male,Unmarked,,,,3?,0.2,9-Aug,2,Chum,Regular Card,Non-Treaty,Hook & Line,168,677,
25-1-13-34208,Wallace River,,,2024-11-12,KC/BD/JL,A0325202504,20,76,,Male,Unmarked,,,,4?,0.3,9-Aug,2,Chum,Regular Card,Non-Treaty,Hook & Line,169,678,
25-1-13-34208,Wallace River,,,2024-11-12,KC/BD/JL,A0325202505,1,72,,Male,Unmarked,,,,3?,0.2,9-Jul,2,Chum,Regular Card,Non-Treaty,Hook & Line,130,639,
25-1-13-34208,Wallace River,,,2024-11-12,KC/BD/JL,A0325202505,2,77,,Male,Unmarked,,,,4?,0.3,9-Jul,2,Chum,Regular Card,Non-Treaty,Hook & Line,131,640,
25-1-13-34208,Wallace River,,,2024-11-12,KC/BD/JL,A0325202505,3,71,,Male,Unmarked,,,,4?,0.3,9-Jul,2,Chum,Regular Card,Non-Treaty,Hook & Line,132,641,
25-1-13-34208,Wallace River,,,2024-11-12,KC/BD/JL,A0325202505,4,74,,Male,Unmarked,,,,4?,0.3,9-Jul,2,Chum,Regular Card,Non-Treaty,Hook & Line,133,642,
25-1-13-34208,Wallace River,,,2024-11-12,KC/BD/JL,A0325202505,5,72,,Male,Unmarked,,,,4?,0.3,9-Jul,2,Chum,Regular Card,Non-Treaty,Hook & Line,134,643,
25-1-13-34208,Wallace River,,,2024-11-12,KC/BD/JL,A0325202505,6,66,,Male,Unmarked,,,,4?,0.3,9-Jul,2,Chum,Regular Card,Non-Treaty,Hook & Line,135,644,
25-1-13-34208,Wallace River,,,2024-11-12,KC/BD/JL,A0325202505,7,76,,Male,Unmarked,,,,4?,0.3,9-Jul,2,Chum,Regular Card,Non-Treaty,Hook & Line,136,645,
25-1-13-34208,Wallace River,,,2024-11-12,KC/BD/JL,A0325202505,8,71,,Male,Unmarked,,,,4?,0.3,9-Jul,2,Chum,Regular Card,Non-Treaty,Hook & Line,137,646,
25-1-13-34208,Wallace River,,,2024-11-12,KC/BD/JL,A0325202505,9,76,,Male,Unmarked,,,,4?,0.3,9-Jul,2,Chum,Regular Card,Non-Treaty,Hook & Line,138,647,
25-1-13-34208,Wallace River,,,2024-11-12,KC/BD/JL,A0325202505,10,75,,Male,Unmarked,,,,4?,0.3,9-Jul,2,Chum,Regular Card,Non-Treaty,Hook & Line,139,648,
25-1-13-34208,Wallace River,,,2024-11-12,KC/BD/JL,A0325202505,11,73,,Male,Unmarked,,,,4?,0.3,9-Jul,2,Chum,Regular Card,Non-Treaty,Hook & Line,140,649,
25-1-13-34208,Wallace River,,,2024-11-12,KC/BD/JL,A0325202505,12,78,,Male,Unmarked,,,,4?,0.3,9-Jul,2,Chum,Regular Card,Non-Treaty,Hook & Line,141,650,
25-1-13-34208,Wallace River,,,2024-11-12,KC/BD/JL,A0325202505,13,67,,Male,Unmarked,,,,3?,0.2,9-Jul,2,Chum,Regular Card,Non-Treaty,Hook & Line,142,651,
25-1-13-34208,Wallace River,,,2024-11-12,KC/BD/JL,A0325202505,14,70,,Male,Unmarked,,,,4?,0.3,9-Jul,2,Chum,Regular Card,Non-Treaty,Hook & Line,143,652,
25-1-13-34208,Wallace River,,,2024-11-12,KC/BD/JL,A0325202505,15,71,,Male,Unmarked,,,,4?,0.3,9-Jul,2,Chum,Regular Card,Non-Treaty,Hook & Line,144,653,
25-1-13-34208,Wallace River,,,2024-11-12,KC/BD/JL,A0325202505,16,75,,Male,Unmarked,,,,4?,0.3,9-Jul,2,Chum,Regular Card,Non-Treaty,Hook & Line,145,654,
25-1-13-34208,Wallace River,,,2024-11-12,KC/BD/JL,A0325202505,17,73,,Male,Unmarked,,,,3?,0.2,9-Jul,2,Chum,Regular Card,Non-Treaty,Hook & Line,146,655,
25-1-13-34208,Wallace River,,,2024-11-12,KC/BD/JL,A0325202505,18,73,,Male,Unmarked,,,,4?,0.3,9-Jul,2,Chum,Regular Card,Non-Treaty,Hook & Line,147,656,
25-1-13-34208,Wallace River,,,2024-11-12,KC/BD/JL,A0325202505,19,72,,Male,Unmarked,,,,4?,0.3,9-Jul,2,Chum,Regular Card,Non-Treaty,Hook & Line,148,657,
25-1-13-34208,Wallace River,,,2024-11-12,KC/BD/JL,A0325202505,20,72,,Male,Unmarked,,,,4?,0.3,9-Jul,2,Chum,Regular Card,Non-Treaty,Hook & Line,149,655,
25-1-13-34208,Wallace River,,,2024-11-12,BD/KC/JL,A0325202506,1,73,,Female,Unmarked,,,,4?,0.3,9-Jun,2,Chum,Regular Card,Non-Treaty,Hook & Line,120,629,
25-1-13-34208,Wallace River,,,2024-11-12,BD/KC/JL,A0325202506,2,70,,Female,Unmarked,,,,4?,0.3,9-Jun,2,Chum,Regular Card,Non-Treaty,Hook & Line,121,630,
25-1-13-34208,Wallace River,,,2024-11-12,BD/KC/JL,A0325202506,3,67,,Female,Unmarked,,,,4?,0.3,9-Jun,2,Chum,Regular Card,Non-Treaty,Hook & Line,122,631,
25-1-13-34208,Wallace River,,,2024-11-12,BD/KC/JL,A0325202506,4,72,,Female,Unmarked,,,,4?,0.3,9-Jun,2,Chum,Regular Card,Non-Treaty,Hook & Line,123,632,
25-1-13-34208,Wallace River,,,2024-11-12,BD/KC/JL,A0325202506,5,67,,Female,Unmarked,,,,3?,0.2,9-Jun,2,Chum,Regular Card,Non-Treaty,Hook & Line,124,633,
25-1-13-34208,Wallace River,,,2024-11-12,BD/KC/JL,A0325202506,6,69,,Female,Unmarked,,,,4?,0.3,9-Jun,2,Chum,Regular Card,Non-Treaty,Hook & Line,125,634,
25-1-13-34208,Wallace River,,,2024-11-12,BD/KC/JL,A0325202506,7,73,,Female,Unmarked,,,,4?,0.3,9-Jun,2,Chum,Regular Card,Non-Treaty,Hook & Line,126,635,
25-1-13-34208,Wallace River,,,2024-11-12,BD/KC/JL,A0325202506,8,70,,Female,Unmarked,,,,4?,0.3,9-Jun,2,Chum,Regular Card,Non-Treaty,Hook & Line,127,636,
25-1-13-34208,Wallace River,,,2024-11-12,BD/KC/JL,A0325202506,9,72,,Female,Unmarked,,,,4?,0.3,9-Jun,2,Chum,Regular Card,Non-Treaty,Hook & Line,128,637,
25-1-13-34208,Wallace River,,,2024-11-12,BD/KC/JL,A0325202506,10,65,,Female,Unmarked,,,,4?,0.3,9-Jun,2,Chum,Regular Card,Non-Treaty,Hook & Line,129,638,
25-1-13-34208,Wallace River,,,2024-11-12,FG/KC,A60954,1,67,,Male,Unmarked,,,,3?,0.2,9-Jan,2,Chum,Regular Card,Non-Treaty,Stream Trap,201,620,
25-1-13-34208,Wallace River,,,2024-11-12,FG/KC,A60954,2,75,,Male,Unmarked,,,,4?,0.3,9-Jan,2,Chum,Regular Card,Non-Treaty,Stream Trap,202,621,
25-1-13-34208,Wallace River,,,2024-11-12,FG/KC,A60954,3,69,,Male,Unmarked,,,,4?,0.3,9-Jan,2,Chum,Regular Card,Non-Treaty,Stream Trap,203,622,
25-1-13-34208,Wallace River,,,2024-11-12,FG/KC,A60954,4,71,,Male,Unmarked,,,,4?,0.3,9-Jan,2,Chum,Regular Card,Non-Treaty,Stream Trap,204,623,
25-1-13-34208,Wallace River,,,2024-11-12,FG/KC,A60954,5,70,,Male,Unmarked,,,,4?,0.3,9-Jan,2,Chum,Regular Card,Non-Treaty,Stream Trap,205,624,
25-1-13-34208,Wallace River,,,2024-11-12,FG/KC,A60954,6,74,,Male,Unmarked,,,,4?,0.3,9-Jan,2,Chum,Regular Card,Non-Treaty,Stream Trap,206,625,
25-1-13-34208,Wallace River,,,2024-11-12,FG/KC,A60954,7,77,,Male,Unmarked,,,,4?,0.3,9-Jan,2,Chum,Regular Card,Non-Treaty,Stream Trap,207,626,
25-1-13-34208,Wallace River,,,2024-11-12,FG/KC,A60954,8,69,,Male,Unmarked,,,,3?,0.2,9-Jan,2,Chum,Regular Card,Non-Treaty,Stream Trap,208,627,
25-1-13-34208,Wallace River,,,2024-11-12,FG/KC,A60954,9,70,,Male,Unmarked,,,,4?,0.3,9-Jan,2,Chum,Regular Card,Non-Treaty,Stream Trap,209,628,
25-1-13-34208,Wallace River,,,2024-11-12,FG/KC,A60955,1,73,,Female,Unmarked,,,,4?,0.3,9-Feb,2,Chum,Regular Card,Non-Treaty,Hook & Line,210,700,
25-1-13-34208,Wallace River,,,2024-11-12,FG/KC,A60955,2,70,,Female,Unmarked,,,,4?,0.3,9-Feb,2,Chum,Regular Card,Non-Treaty,Hook & Line,211,701,
25-1-13-34208,Wallace River,,,2024-11-12,FG/KC,A60955,3,68,,Female,Unmarked,,,,4?,0.3,9-Feb,2,Chum,Regular Card,Non-Treaty,Hook & Line,212,702,
25-1-13-34208,Wallace River,,,2024-11-12,FG/KC,A60955,4,70,,Female,Unmarked,,,,4?,0.3,9-Feb,2,Chum,Regular Card,Non-Treaty,Hook & Line,213,703,
25-1-13-34208,Wallace River,,,2024-11-12,FG/KC,A60955,5,67,,Female,Unmarked,,,,4?,0.3,9-Feb,2,Chum,Regular Card,Non-Treaty,Hook & Line,214,704,
25-1-13-34208,Wallace River,,,2024-11-12,FG/KC,A60955,6,69,,Female,Unmarked,,,,4?,0.3,9-Feb,2,Chum,Regular Card,Non-Treaty,Hook & Line,215,705,
25-1-13-34208,Wallace River,,,2024-11-12,FG/KC,A60955,7,71,,Female,Unmarked,,,,4?,0.3,9-Feb,2,Chum,Regular Card,Non-Treaty,Hook & Line,216,706,
25-1-13-34208,Wallace River,,,2024-11-12,FG/KC,A60955,8,63,,Female,Unmarked,,,,4?,0.3,9-Feb,2,Chum,Regular Card,Non-Treaty,Hook & Line,217,707,
25-1-13-34208,Wallace River,,,2024-11-12,FG/KC,A60955,9,66,,Female,Unmarked,,,,4?,0.3,9-Feb,2,Chum,Regular Card,Non-Treaty,Hook & Line,218,708,
25-1-13-34208,Wallace River,,,2024-11-12,FG/KC,A60955,10,67,,Female,Unmarked,,,,4?,0.3,9-Feb,2,Chum,Regular Card,Non-Treaty,Hook & Line,219,709,
25-1-13-34208,Wallace River,,,2024-11-12,FG/KC,A60955,11,65,,Female,Unmarked,,,,4?,0.3,9-Feb,2,Chum,Regular Card,Non-Treaty,Hook & Line,220,710,
25-1-13-34208,Wallace River,,,2024-11-12,FG/KC,A60955,12,66,,Female,Unmarked,,,,3?,0.2,9-Feb,2,Chum,Regular Card,Non-Treaty,Hook & Line,221,711,
25-1-13-34208,Wallace River,,,2024-11-12,FG/KC,A60955,13,69,,Female,Unmarked,,,,4?,0.3,9-Feb,2,Chum,Regular Card,Non-Treaty,Hook & Line,222,712,
25-1-13-34208,Wallace River,,,2024-11-12,FG/KC,A60955,14,64,,Female,Unmarked,,,,4?,0.3,9-Feb,2,Chum,Regular Card,Non-Treaty,Hook & Line,223,713,
25-1-13-34208,Wallace River,,,2024-11-12,FG/KC,A60955,15,67,,Female,Unmarked,,,,4?,0.3,9-Feb,2,Chum,Regular Card,Non-Treaty,Hook & Line,224,714,
25-1-13-34208,Wallace River,,,2024-11-12,FG/KC,A60955,16,68,,Female,Unmarked,,,,3?,0.2,9-Feb,2,Chum,Regular Card,Non-Treaty,Hook & Line,225,715,
25-1-13-34208,Wallace River,,,2024-11-12,FG/KC,A60955,17,68,,Female,Unmarked,,,,4?,0.3,9-Feb,2,Chum,Regular Card,Non-Treaty,Hook & Line,226,716,
25-1-13-34208,Wallace River,,,2024-11-12,FG/KC,A60955,18,63,,Female,Unmarked,,,,4?,0.3,9-Feb,2,Chum,Regular Card,Non-Treaty,Hook & Line,227,717,
25-1-13-34208,Wallace River,,,2024-11-12,FG/KC,A60955,19,73,,Female,Unmarked,,,,4?,0.3,9-Feb,2,Chum,Regular Card,Non-Treaty,Hook & Line,228,718,
25-1-13-34208,Wallace River,,,2024-11-12,FG/KC,A60955,20,78,,Female,Unmarked,,,,4?,0.3,9-Feb,2,Chum,Regular Card,Non-Treaty,Hook & Line,229,719,
25-1-13-34208,Wallace River,,,2024-11-12,WG,S23026,1,68,,Male,Unmarked,,,,4?,0.3,9-May,2,Chum,Regular Card,Non-Treaty,Stream Trap,264,754,
25-1-13-34208,Wallace River,,,2024-11-12,WG,S23026,2,67,,Male,Unmarked,,,,4?,0.3,9-May,2,Chum,Regular Card,Non-Treaty,Stream Trap,265,755,
25-1-13-34208,Wallace River,,,2024-11-12,WG,S23026,3,67,,Male,Unmarked,,,,4?,0.3,9-May,2,Chum,Regular Card,Non-Treaty,Stream Trap,266,756,
25-1-13-34208,Wallace River,,,2024-11-12,WG,S23026,4,67,,Female,Unmarked,,,,4?,0.3,9-May,2,Chum,Regular Card,Non-Treaty,Stream Trap,267,757,
25-1-13-34208,Wallace River,,,2024-11-12,WG,S23026,5,74,,Male,Unmarked,,,,4?,0.3,9-May,2,Chum,Regular Card,Non-Treaty,Stream Trap,268,758,
25-1-13-34208,Wallace River,,,2024-11-12,WG,S23026,6,74,,Male,Unmarked,,,,4?,0.3,9-May,2,Chum,Regular Card,Non-Treaty,Stream Trap,269,759,
25-1-13-34208,Wallace River,,,2024-11-12,WG,S23026,7,65,,Male,Unmarked,,,,4?,0.3,9-May,2,Chum,Regular Card,Non-Treaty,Stream Trap,270,760,
25-1-13-34208,Wallace River,,,2024-11-12,WG,S23026,8,75,,Male,Unmarked,,,,4?,0.3,9-May,2,Chum,Regular Card,Non-Treaty,Stream Trap,271,,
25-1-13-34208,Wallace River,,,2024-11-12,WG,S23026,9,72,,Male,Unmarked,,,,4?,0.3,9-May,2,Chum,Regular Card,Non-Treaty,Stream Trap,272,761,
25-1-13-34208,Wallace River,,,2024-11-12,WG,S23026,10,71,,Male,Unmarked,,,,4?,0.3,9-May,2,Chum,Regular Card,Non-Treaty,Stream Trap,273,762,
25-1-13-34208,May Creek,,,2024-11-13,FG/BD,A87833,1,64,,Female,Unmarked,,,,4?,0.3,8-Aug,2,Chum,Regular Card,Non-Treaty,Stream Trap,294,868,
25-1-13-34208,May Creek,,,2024-11-13,FG/BD,A87833,2,71,,Male,Unmarked,,,,4?,0.3,8-Aug,2,Chum,Regular Card,Non-Treaty,Stream Trap,295,869,
25-1-13-34208,May Creek,,,2024-11-13,FG/BD,A87833,3,70,,Male,Unmarked,,,,Unreadable,Unreadable,8-Aug,2,Chum,Regular Card,Non-Treaty,Stream Trap,296,870,
25-1-13-34208,May Creek,,,2024-11-13,FG/BD,A87833,4,73,,Male,Unmarked,,,,4?,0.3,8-Aug,2,Chum,Regular Card,Non-Treaty,Stream Trap,297,871,
25-1-13-34208,May Creek,,,2024-11-13,FG/BD,A87833,5,67,,Male,Unmarked,,,,4?,0.3,8-Aug,2,Chum,Regular Card,Non-Treaty,Stream Trap,298,872,
25-1-13-34208,May Creek,,,2024-11-13,FG/BD,A87833,6,72,,Male,Unmarked,,,,4?,0.3,8-Aug,2,Chum,Regular Card,Non-Treaty,Stream Trap,299,873,
25-1-13-34208,May Creek,,,2024-11-13,FG/BD,A87833,7,76,,Male,Unmarked,,,,4?,0.3,8-Aug,2,Chum,Regular Card,Non-Treaty,Stream Trap,300,,
25-1-13-34208,May Creek,,,2024-11-13,FG/BD,A87833,8,69,,Male,Unmarked,,,,4?,0.3,8-Aug,2,Chum,Regular Card,Non-Treaty,Stream Trap,418,874,
25-1-13-34208,May Creek,,,2024-11-13,FG/BD,A87833,9,73,,Male,Unmarked,,,,4?,0.3,8-Aug,2,Chum,Regular Card,Non-Treaty,Stream Trap,419,875,
25-1-13-34208,May Creek,,,2024-11-13,FG/BD,A87833,10,76,,Male,Unmarked,,,,4?,0.3,8-Aug,2,Chum,Regular Card,Non-Treaty,Stream Trap,420,876,
25-1-13-34208,May Creek,,,2024-11-13,FG/BD,A87833,11,78,,Male,Unmarked,,,,4?,0.3,8-Aug,2,Chum,Regular Card,Non-Treaty,Stream Trap,421,877,
25-1-13-34208,May Creek,,,2024-11-13,FG/BD,A87833,12,76,,Male,Unmarked,,,,4?,0.3,8-Aug,2,Chum,Regular Card,Non-Treaty,Stream Trap,422,878,
25-1-13-34208,May Creek,,,2024-11-13,FG,A87834,1,70,,Male,Unmarked,,,,4?,0.3,8-May,2,Chum,Regular Card,Non-Treaty,Broodstock Collection,401,824,
25-1-13-34208,May Creek,,,2024-11-13,FG,A87834,2,69,,Male,Unmarked,,,,4?,0.3,8-May,2,Chum,Regular Card,Non-Treaty,Broodstock Collection,402,825,
25-1-13-34208,May Creek,,,2024-11-13,FG,A87834,3,65,,Male,Unmarked,,,,4?,0.3,8-May,2,Chum,Regular Card,Non-Treaty,Broodstock Collection,403,826,
25-1-13-34208,May Creek,,,2024-11-13,FG,A87834,4,66,,Male,Unmarked,,,,3?,0.2,8-May,2,Chum,Regular Card,Non-Treaty,Broodstock Collection,404,827,
25-1-13-34208,May Creek,,,2024-11-13,FG,A87834,5,70,,Male,Unmarked,,,,4?,0.3,8-May,2,Chum,Regular Card,Non-Treaty,Broodstock Collection,405,828,
25-1-13-34208,May Creek,,,2024-11-13,FG,A87834,6,68,,Male,Unmarked,,,,4?,0.3,8-May,2,Chum,Regular Card,Non-Treaty,Broodstock Collection,406,829,
25-1-13-34208,May Creek,,,2024-11-13,FG,A87834,7,67,,Male,Unmarked,,,,3?,0.2,8-May,2,Chum,Regular Card,Non-Treaty,Broodstock Collection,407,830,
25-1-13-34208,May Creek,,,2024-11-13,FG,A87834,8,66,,Male,Unmarked,,,,4?,0.3,8-May,2,Chum,Regular Card,Non-Treaty,Broodstock Collection,408,831,
25-1-13-34208,May Creek,,,2024-11-13,FG,A87834,9,71,,Male,Unmarked,,,,4?,0.3,8-May,2,Chum,Regular Card,Non-Treaty,Broodstock Collection,409,832,
25-1-13-34208,May Creek,,,2024-11-13,FG,A87834,10,71,,Male,Unmarked,,,,4?,0.3,8-May,2,Chum,Regular Card,Non-Treaty,Broodstock Collection,410,833,
25-1-13-34208,May Creek,,,2024-11-13,FG,A87834,11,75,,Male,Unmarked,,,,4?,0.3,8-May,2,Chum,Regular Card,Non-Treaty,Broodstock Collection,411,834,
25-1-13-34208,May Creek,,,2024-11-13,FG,A87834,12,77,,Male,Unmarked,,,,4?,0.3,8-May,2,Chum,Regular Card,Non-Treaty,Broodstock Collection,412,835,
25-1-13-34208,May Creek,,,2024-11-13,FG,A87834,13,72,,Male,Unmarked,,,,4?,0.3,8-May,2,Chum,Regular Card,Non-Treaty,Broodstock Collection,413,836,
25-1-13-34208,May Creek,,,2024-11-13,FG,A87834,14,63,,Male,Unmarked,,,,3?,0.2,8-May,2,Chum,Regular Card,Non-Treaty,Broodstock Collection,414,837,
25-1-13-34208,May Creek,,,2024-11-13,FG,A87834,15,66,,Male,Unmarked,,,,4?,0.3,8-May,2,Chum,Regular Card,Non-Treaty,Broodstock Collection,415,838,
25-1-13-34208,May Creek,,,2024-11-13,FG,A87834,16,65,,Male,Unmarked,,,,3?,0.2,8-May,2,Chum,Regular Card,Non-Treaty,Broodstock Collection,416,839,
25-1-13-34208,May Creek,,,2024-11-13,FG,A87834,17,65,,Male,Unmarked,,,,4?,0.3,8-May,2,Chum,Regular Card,Non-Treaty,Broodstock Collection,417,840,
25-1-13-34208,May Creek,,,2024-11-13,KG/KK,A87836,1,72,55,Male,Unmarked,,,,4?,0.3,8-Feb,2,Chum,Regular Card,Non-Treaty,Broodstock Collection,394,780,
25-1-13-34208,May Creek,,,2024-11-13,KG/KK,A87836,2,74,57,Male,Unmarked,,,,4?,0.3,8-Feb,2,Chum,Regular Card,Non-Treaty,Broodstock Collection,393,781,
25-1-13-34208,May Creek,,,2024-11-13,KG/KK,A87836,3,70,56,Male,Unmarked,,,,4?,0.3,8-Feb,2,Chum,Regular Card,Non-Treaty,Broodstock Collection,392,782,
25-1-13-34208,May Creek,,,2024-11-13,KG/KK,A87836,4,66,52,Male,Unmarked,,,,4?,0.3,8-Feb,2,Chum,Regular Card,Non-Treaty,Broodstock Collection,391,783,
25-1-13-34208,May Creek,,,2024-11-13,KG/KK,A87836,5,71,53,Male,Unmarked,,,,4?,0.3,8-Feb,2,Chum,Regular Card,Non-Treaty,Broodstock Collection,390,784,
25-1-13-34208,May Creek,,,2024-11-13,KG/KK,A87836,6,74,56,Male,Unmarked,,,,4?,0.3,8-Feb,2,Chum,Regular Card,Non-Treaty,Broodstock Collection,389,785,
25-1-13-34208,May Creek,,,2024-11-13,KG/KK,A87836,7,70,54,Male,Unmarked,,,,Unreadable,Unreadable,8-Feb,2,Chum,Regular Card,Non-Treaty,Broodstock Collection,388,786,
25-1-13-34208,May Creek,,,2024-11-13,KG/KK,A87836,8,73,58,Male,Unmarked,,,,4?,0.3,8-Feb,2,Chum,Regular Card,Non-Treaty,Broodstock Collection,387,787,
25-1-13-34208,May Creek,,,2024-11-13,KG/KK,A87836,9,64,50,Male,Unmarked,,,,3?,0.2,8-Feb,2,Chum,Regular Card,Non-Treaty,Broodstock Collection,386,788,
25-1-13-34208,May Creek,,,2024-11-13,KG/KK,A87836,10,77,62,Male,Unmarked,,,,4?,0.3,8-Feb,2,Chum,Regular Card,Non-Treaty,Broodstock Collection,385,789,
25-1-13-34208,May Creek,,,2024-11-13,KG/KK,A87836,11,79,61,Male,Unmarked,,,,4?,0.3,8-Feb,2,Chum,Regular Card,Non-Treaty,Broodstock Collection,384,790,
25-1-13-34208,May Creek,,,2024-11-13,KG/KK,A87836,12,72,56,Male,Unmarked,,,,4?,0.3,8-Feb,2,Chum,Regular Card,Non-Treaty,Broodstock Collection,383,791,
25-1-13-34208,May Creek,,,2024-11-13,KG/KK,A87836,13,67,53,Male,,,,,4?,0.3,8-Feb,2,Chum,Regular Card,Non-Treaty,Broodstock Collection,382,792,
25-1-13-34208,May Creek,,,2024-11-13,KG/KK,A87836,14,68,54,Male,Unmarked,,,,4?,0.3,8-Feb,2,Chum,Regular Card,Non-Treaty,Broodstock Collection,381,793,
25-1-13-34208,May Creek,,,2024-11-13,KG/KK,A87836,15,76,60,Male,Unmarked,,,,4?,0.3,8-Feb,2,Chum,Regular Card,Non-Treaty,Broodstock Collection,380,794,
25-1-13-34208,May Creek,,,2024-11-13,KG/KK,A87836,16,67,53,Male,Unmarked,,,,4?,0.3,8-Feb,2,Chum,Regular Card,Non-Treaty,Broodstock Collection,379,795,
25-1-13-34208,May Creek,,,2024-11-13,KG/KK,A87836,17,71,53,Male,Unmarked,,,,3?,0.2,8-Feb,2,Chum,Regular Card,Non-Treaty,Broodstock Collection,378,796,
25-1-13-34208,May Creek,,,2024-11-13,KG/KK,A87836,18,72,56,Male,Unmarked,,,,4?,0.3,8-Feb,2,Chum,Regular Card,Non-Treaty,Broodstock Collection,377,797,
25-1-13-34208,May Creek,,,2024-11-13,KG/KK,A87836,19,69,55,Male,Unmarked,,,,4?,0.3,8-Feb,2,Chum,Regular Card,Non-Treaty,Broodstock Collection,376,798,
25-1-13-34208,May Creek,,,2024-11-13,KG/KK,A87836,20,71,56,Male,Unmarked,,,,4?,0.3,8-Feb,2,Chum,Regular Card,Non-Treaty,Broodstock Collection,375,799,
25-1-13-34208,May Creek,,,2024-11-13,KG/KK,A87837,1,72,55,Male,Unmarked,,,,4?,0.3,8-Mar,2,Chum,Regular Card,Non-Treaty,Broodstock Collection,374,800,
25-1-13-34208,May Creek,,,2024-11-13,KG/KK,A87837,2,70,56,Male,Unmarked,,,,4?,0.3,8-Mar,2,Chum,Regular Card,Non-Treaty,Broodstock Collection,373,801,
25-1-13-34208,May Creek,,,2024-11-13,KG/KK,A87837,3,66,52,Male,Unmarked,,,,4?,0.3,8-Mar,2,Chum,Regular Card,Non-Treaty,Broodstock Collection,372,802,
25-1-13-34208,May Creek,,,2024-11-13,KG/KK,A87837,4,75,57,Male,Unmarked,,,,4?,0.3,8-Mar,2,Chum,Regular Card,Non-Treaty,Broodstock Collection,371,803,
25-1-13-34208,May Creek,,,2024-11-13,KG/KK,A87838,1,69,55,Female,Unmarked,,,,4?,0.3,8-Jan,2,Chum,Regular Card,Non-Treaty,Broodstock Collection,187,696,
25-1-13-34208,May Creek,,,2024-11-13,KG/KK,A87838,2,66,52,Female,Unmarked,,,,4?,0.3,8-Jan,2,Chum,Regular Card,Non-Treaty,Broodstock Collection,188,697,
25-1-13-34208,May Creek,,,2024-11-13,KG/KK,A87838,3,70,55,Female,Unmarked,,,,4?,0.3,8-Jan,2,Chum,Regular Card,Non-Treaty,Broodstock Collection,189,698,
25-1-13-34208,May Creek,,,2024-11-13,KG/KK,A87838,4,70,53,Female,Unmarked,,,,4?,0.3,8-Jan,2,Chum,Regular Card,Non-Treaty,Broodstock Collection,190,699,
25-1-13-34208,May Creek,,,2024-11-13,KG/KK,A87838,5,76,60,Female,Unmarked,,,,4?,0.3,8-Jan,2,Chum,Regular Card,Non-Treaty,Broodstock Collection,191,764,
25-1-13-34208,May Creek,,,2024-11-13,KG/KK,A87838,6,71,56,Female,Unmarked,,,,4?,0.3,8-Jan,2,Chum,Regular Card,Non-Treaty,Broodstock Collection,192,765,
25-1-13-34208,May Creek,,,2024-11-13,KG/KK,A87838,7,71,55,Female,Unmarked,,,,4?,0.3,8-Jan,2,Chum,Regular Card,Non-Treaty,Broodstock Collection,193,766,
25-1-13-34208,May Creek,,,2024-11-13,KG/KK,A87838,8,72,57,Female,Unmarked,,,,4?,0.3,8-Jan,2,Chum,Regular Card,Non-Treaty,Broodstock Collection,194,767,
25-1-13-34208,May Creek,,,2024-11-13,KG/KK,A87838,9,70,56,Female,Unmarked,,,,4?,0.3,8-Jan,2,Chum,Regular Card,Non-Treaty,Broodstock Collection,195,768,
25-1-13-34208,May Creek,,,2024-11-13,KG/KK,A87838,10,68,52,Female,Unmarked,,,,4?,0.3,8-Jan,2,Chum,Regular Card,Non-Treaty,Broodstock Collection,196,769,
25-1-13-34208,May Creek,,,2024-11-13,KG/KK,A87838,11,72,57,Female,Unmarked,,,,4?,0.3,8-Jan,2,Chum,Regular Card,Non-Treaty,Broodstock Collection,197,770,
25-1-13-34208,May Creek,,,2024-11-13,KG/KK,A87838,12,68,55,Female,Unmarked,,,,4?,0.3,8-Jan,2,Chum,Regular Card,Non-Treaty,Broodstock Collection,198,771,
25-1-13-34208,May Creek,,,2024-11-13,KG/KK,A87838,13,72,57,Female,Unmarked,,,,4?,0.3,8-Jan,2,Chum,Regular Card,Non-Treaty,Broodstock Collection,199,772,
25-1-13-34208,May Creek,,,2024-11-13,KG/KK,A87838,14,65,53,Female,Unmarked,,,,4?,0.3,8-Jan,2,Chum,Regular Card,Non-Treaty,Broodstock Collection,200,773,
25-1-13-34208,May Creek,,,2024-11-13,KG/KK,A87838,15,74,60,Female,Unmarked,,,,4?,0.3,8-Jan,2,Chum,Regular Card,Non-Treaty,Broodstock Collection,400,774,
25-1-13-34208,May Creek,,,2024-11-13,KG/KK,A87838,16,70,57,Female,Unmarked,,,,4?,0.3,8-Jan,2,Chum,Regular Card,Non-Treaty,Broodstock Collection,399,775,
25-1-13-34208,May Creek,,,2024-11-13,KG/KK,A87838,17,71,57,Female,Unmarked,,,,3?,0.2,8-Jan,2,Chum,Regular Card,Non-Treaty,Broodstock Collection,398,776,
25-1-13-34208,May Creek,,,2024-11-13,KG/KK,A87838,18,66,52,Female,Unmarked,,,,4?,0.3,8-Jan,2,Chum,Regular Card,Non-Treaty,Broodstock Collection,397,777,
25-1-13-34208,May Creek,,,2024-11-13,KG/KK,A87838,19,70,57,Female,Unmarked,,,,4?,0.3,8-Jan,2,Chum,Regular Card,Non-Treaty,Broodstock Collection,396,778,
25-1-13-34208,May Creek,,,2024-11-13,KG/KK,A87838,20,66,52,Male,Unmarked,,,,4?,0.3,8-Jan,2,Chum,Regular Card,Non-Treaty,Broodstock Collection,395,779,
25-1-13-34208,May Creek,,,2024-11-13,SC,A87839,1,67,,Female,Unmarked,,,,3?,0.2,8-Apr,2,Chum,Regular Card,Non-Treaty,Broodstock Collection,274,804,
25-1-13-34208,May Creek,,,2024-11-13,SC,A87839,2,65,,Female,Unmarked,,,,4?,0.3,8-Apr,2,Chum,Regular Card,Non-Treaty,Broodstock Collection,275,805,
25-1-13-34208,May Creek,,,2024-11-13,SC,A87839,3,69,,Female,Unmarked,,,,Unreadable,Unreadable,8-Apr,2,Chum,Regular Card,Non-Treaty,Broodstock Collection,276,806,
25-1-13-34208,May Creek,,,2024-11-13,SC,A87839,4,69,,Female,Unmarked,,,,4?,0.3,8-Apr,2,Chum,Regular Card,Non-Treaty,Broodstock Collection,277,807,
25-1-13-34208,May Creek,,,2024-11-13,SC,A87839,5,69,,Female,Unmarked,,,,4?,0.3,8-Apr,2,Chum,Regular Card,Non-Treaty,Broodstock Collection,278,808,
25-1-13-34208,May Creek,,,2024-11-13,SC,A87839,6,70,,Female,Unmarked,,,,4?,0.3,8-Apr,2,Chum,Regular Card,Non-Treaty,Broodstock Collection,279,809,
25-1-13-34208,May Creek,,,2024-11-13,SC,A87839,7,69,,Female,Unmarked,,,,4?,0.3,8-Apr,2,Chum,Regular Card,Non-Treaty,Broodstock Collection,280,810,
25-1-13-34208,May Creek,,,2024-11-13,SC,A87839,8,71,,Female,Unmarked,,,,4?,0.3,8-Apr,2,Chum,Regular Card,Non-Treaty,Broodstock Collection,281,811,
25-1-13-34208,May Creek,,,2024-11-13,SC,A87839,9,65,,Female,Unmarked,,,,4?,0.3,8-Apr,2,Chum,Regular Card,Non-Treaty,Broodstock Collection,282,812,
25-1-13-34208,May Creek,,,2024-11-13,SC,A87839,10,68,,Female,Unmarked,,,,4?,0.3,8-Apr,2,Chum,Regular Card,Non-Treaty,Broodstock Collection,283,813,
25-1-13-34208,May Creek,,,2024-11-13,SC,A87839,11,64,,Female,Unmarked,,,,4?,0.3,8-Apr,2,Chum,Regular Card,Non-Treaty,Broodstock Collection,284,814,
25-1-13-34208,May Creek,,,2024-11-13,SC,A87839,12,69,,Female,Unmarked,,,,3?,0.2,8-Apr,2,Chum,Regular Card,Non-Treaty,Broodstock Collection,285,815,
25-1-13-34208,May Creek,,,2024-11-13,SC,A87839,13,76,,Female,Unmarked,,,,5?,0.4,8-Apr,2,Chum,Regular Card,Non-Treaty,Broodstock Collection,286,816,
25-1-13-34208,May Creek,,,2024-11-13,SC,A87839,14,73,,Female,Unmarked,,,,4?,0.3,8-Apr,2,Chum,Regular Card,Non-Treaty,Broodstock Collection,287,817,
25-1-13-34208,May Creek,,,2024-11-13,SC,A87839,15,68,,Female,Unmarked,,,,4?,0.3,8-Apr,2,Chum,Regular Card,Non-Treaty,Broodstock Collection,288,818,
25-1-13-34208,May Creek,,,2024-11-13,SC,A87839,16,67,,Female,Unmarked,,,,4?,0.3,8-Apr,2,Chum,Regular Card,Non-Treaty,Broodstock Collection,289,819,
25-1-13-34208,May Creek,,,2024-11-13,SC,A87839,17,68,,Female,Unmarked,,,,3?,0.2,8-Apr,2,Chum,Regular Card,Non-Treaty,Broodstock Collection,290,820,
25-1-13-34208,May Creek,,,2024-11-13,SC,A87839,18,70,,Female,Unmarked,,,,4?,0.3,8-Apr,2,Chum,Regular Card,Non-Treaty,Broodstock Collection,291,821,
25-1-13-34208,May Creek,,,2024-11-13,SC,A87839,19,70,,Female,Unmarked,,,,5?,0.4,8-Apr,2,Chum,Regular Card,Non-Treaty,Broodstock Collection,292,822,
25-1-13-34208,May Creek,,,2024-11-13,SC,A87839,20,62,,Female,Unmarked,,,,4?,0.3,8-Apr,2,Chum,Regular Card,Non-Treaty,Broodstock Collection,293,823,
25-1-13-34208,May Creek,,,2024-11-13,KC/AH,S23027,1,70,,Female,Unmarked,,,,4?,0.3,8-Jun,2,Chum,Regular Card,Non-Treaty,Broodstock Collection,301,841,
25-1-13-34208,May Creek,,,2024-11-13,KC/AH,S23027,2,74,,Female,Unmarked,,,,4?,0.3,8-Jun,2,Chum,Regular Card,Non-Treaty,Broodstock Collection,302,842,
25-1-13-34208,May Creek,,,2024-11-13,KC/AH,S23027,3,68,,Female,Unmarked,,,,4?,0.3,8-Jun,2,Chum,Regular Card,Non-Treaty,Broodstock Collection,303,843,
25-1-13-34208,May Creek,,,2024-11-13,KC/AH,S23027,4,74,,Female,Unmarked,,,,4?,0.3,8-Jun,2,Chum,Regular Card,Non-Treaty,Broodstock Collection,304,844,
25-1-13-34208,May Creek,,,2024-11-13,KC/AH,S23027,5,68,,Female,Unmarked,,,,4?,0.3,8-Jun,2,Chum,Regular Card,Non-Treaty,Broodstock Collection,305,845,
25-1-13-34208,May Creek,,,2024-11-13,KC/AH,S23027,6,72,,Female,Unmarked,,,,4?,0.3,8-Jun,2,Chum,Regular Card,Non-Treaty,Broodstock Collection,306,846,
25-1-13-34208,May Creek,,,2024-11-13,KC/AH,S23027,7,67,,Female,Unmarked,,,,4?,0.3,8-Jun,2,Chum,Regular Card,Non-Treaty,Broodstock Collection,307,847,
25-1-13-34208,May Creek,,,2024-11-13,KC/AH,S23027,8,72,,Female,Unmarked,,,,4?,0.3,8-Jun,2,Chum,Regular Card,Non-Treaty,Broodstock Collection,308,848,
25-1-13-34208,May Creek,,,2024-11-13,KC/AH,S23027,9,71,,Female,Unmarked,,,,4?,0.3,8-Jun,2,Chum,Regular Card,Non-Treaty,Broodstock Collection,309,849,
25-1-13-34208,May Creek,,,2024-11-13,KC/AH,S23027,10,71,,Female,Unmarked,,,,4?,0.3,8-Jun,2,Chum,Regular Card,Non-Treaty,Broodstock Collection,310,850,
25-1-13-34208,May Creek,,,2024-11-13,KC/AH,S23027,11,69,,Female,Unmarked,,,,4?,0.3,8-Jun,2,Chum,Regular Card,Non-Treaty,Broodstock Collection,311,851,
25-1-13-34208,May Creek,,,2024-11-13,KC/AH,S23027,12,65,,Female,Unmarked,,,,4?,0.3,8-Jun,2,Chum,Regular Card,Non-Treaty,Broodstock Collection,312,852,
25-1-13-34208,May Creek,,,2024-11-13,KC/AH,S23027,13,63,,Female,Unmarked,,,,4?,0.3,8-Jun,2,Chum,Regular Card,Non-Treaty,Broodstock Collection,313,853,
25-1-13-34208,May Creek,,,2024-11-13,KC/AH,S23027,14,70,,Female,Unmarked,,,,4?,0.3,8-Jun,2,Chum,Regular Card,Non-Treaty,Broodstock Collection,314,854,
25-1-13-34208,May Creek,,,2024-11-13,KC/AH,S23027,15,77,,Male,Unmarked,,,,4?,0.3,8-Jun,2,Chum,Regular Card,Non-Treaty,Broodstock Collection,315,855,
25-1-13-34208,May Creek,,,2024-11-13,KC/AH,S23027,16,83,,Male,Unmarked,,,,4?,0.3,8-Jun,2,Chum,Regular Card,Non-Treaty,Broodstock Collection,316,856,
25-1-13-34208,May Creek,,,2024-11-13,KC/AH,S23027,17,74,,Male,Unmarked,,,,4?,0.3,8-Jun,2,Chum,Regular Card,Non-Treaty,Broodstock Collection,317,857,
25-1-13-34208,May Creek,,,2024-11-13,KC/AH,S23027,18,77,,Male,Unmarked,,,,4?,0.3,8-Jun,2,Chum,Regular Card,Non-Treaty,Broodstock Collection,318,858,
25-1-13-34208,May Creek,,,2024-11-13,KC/AH,S23027,19,83,,Male,Unmarked,,,,4?,0.3,8-Jun,2,Chum,Regular Card,Non-Treaty,Broodstock Collection,319,859,
25-1-13-34208,May Creek,,,2024-11-13,KC/AH,S23027,20,73,,Male,Unmarked,,,,4?,0.3,8-Jun,2,Chum,Regular Card,Non-Treaty,Broodstock Collection,320,860,
25-1-13-34208,May Creek,,,2024-11-13,KC/AH,S23028,1,71,,Male,Unmarked,,,,4?,0.3,8-Jul,2,Chum,Regular Card,Non-Treaty,Broodstock Collection,321,861,
25-1-13-34208,May Creek,,,2024-11-13,KC/AH,S23028,2,76,,Female,Unmarked,,,,Unreadable,Unreadable,8-Jul,2,Chum,Regular Card,Non-Treaty,Broodstock Collection,322,862,
25-1-13-34208,May Creek,,,2024-11-13,KC/AH,S23028,3,74,,Male,Unmarked,,,,4?,0.3,8-Jul,2,Chum,Regular Card,Non-Treaty,Broodstock Collection,323,863,
25-1-13-34208,May Creek,,,2024-11-13,KC/AH,S23028,4,73,,Male,Unmarked,,,,4?,0.3,8-Jul,2,Chum,Regular Card,Non-Treaty,Broodstock Collection,324,864,
25-1-13-34208,May Creek,,,2024-11-13,KC/AH,S23028,5,71,,Male,Unmarked,,,,4?,0.3,8-Jul,2,Chum,Regular Card,Non-Treaty,Broodstock Collection,325,865,
25-1-13-34208,May Creek,,,2024-11-13,KC/AH,S23028,6,76,,Male,Unmarked,,,,4?,0.3,8-Jul,2,Chum,Regular Card,Non-Treaty,Broodstock Collection,326,866,
25-1-13-34208,May Creek,,,2024-11-13,KC/AH,S23028,7,77,,Male,Unmarked,,,,4?,0.3,8-Jul,2,Chum,Regular Card,Non-Treaty,Broodstock Collection,327,867,
25-1-13-34208,May Creek,,,2024-11-14,FC/FG,A87832,1,67,,Male,Unmarked,,,,Unreadable,Unreadable,1,2,Chum,Regular Card,Non-Treaty,Stream Trap,423,879,
25-1-13-34208,May Creek,,,2024-11-14,FC/FG,A87832,2,71,,Male,Unmarked,,,,4?,0.3,1,2,Chum,Regular Card,Non-Treaty,Stream Trap,424,880,
25-1-13-34208,Wallace River Hatchery,,,2024-11-18,BD,S23029,1,68,,Male,Unmarked,,,,3?,0.2,1-Jan,2,Chum,Regular Card,Non-Treaty,Hook & Line,425,881,
25-1-13-34208,Wallace River Hatchery,,,2024-11-18,BD,S23029,2,71,,Male,Unmarked,,,,4?,0.3,1-Jan,2,Chum,Regular Card,Non-Treaty,Hook & Line,426,882,
25-1-13-34208,Wallace River Hatchery,,,2024-11-18,BD,S23029,3,71,,Male,Unmarked,,,,4?,0.3,1-Jan,2,Chum,Regular Card,Non-Treaty,Hook & Line,427,883,
25-1-13-34208,Wallace River Hatchery,,,2024-11-18,BD,S23029,4,69,,Male,Unmarked,,,,4?,0.3,1-Jan,2,Chum,Regular Card,Non-Treaty,Hook & Line,428,884,
25-1-13-34208,Wallace River Hatchery,,,2024-11-18,BD,S23029,5,74,,Male,Unmarked,,,,4?,0.3,1-Jan,2,Chum,Regular Card,Non-Treaty,Hook & Line,429,885,
25-1-13-34208,Wallace River Hatchery,,,2024-11-18,BD,S23029,6,76,,Male,Unmarked,,,,3?,0.2,1-Jan,2,Chum,Regular Card,Non-Treaty,Hook & Line,430,886,
25-1-13-34208,Wallace River Hatchery,,,2024-11-19,FG,A87822,1,75,,Female,Unmarked,,,,4?,0.3,6-Apr,2,Chum,Regular Card,Non-Treaty,Broodstock Collection,601,976,
25-1-13-34208,Wallace River Hatchery,,,2024-11-19,FG,A87822,2,72,,Female,Unmarked,,,,4?,0.3,6-Apr,2,Chum,Regular Card,Non-Treaty,Broodstock Collection,602,977,
25-1-13-34208,Wallace River Hatchery,,,2024-11-19,FG,A87822,3,69,,Female,Unmarked,,,,4?,0.3,6-Apr,2,Chum,Regular Card,Non-Treaty,Broodstock Collection,603,978,
25-1-13-34208,Wallace River Hatchery,,,2024-11-19,FG,A87822,4,72,,Female,Unmarked,,,,4?,0.3,6-Apr,2,Chum,Regular Card,Non-Treaty,Broodstock Collection,604,979,
25-1-13-34208,Wallace River Hatchery,,,2024-11-19,FG,A87822,5,71,,Female,Unmarked,,,,4?,0.3,6-Apr,2,Chum,Regular Card,Non-Treaty,Broodstock Collection,605,980,
25-1-13-34208,Wallace River Hatchery,,,2024-11-19,FG,A87822,6,67,,Female,Unmarked,,,,4?,0.3,6-Apr,2,Chum,Regular Card,Non-Treaty,Broodstock Collection,606,981,
25-1-13-34208,Wallace River Hatchery,,,2024-11-19,FG,A87822,7,72,,Female,Unmarked,,,,4?,0.3,6-Apr,2,Chum,Regular Card,Non-Treaty,Broodstock Collection,607,982,
25-1-13-34208,Wallace River Hatchery,,,2024-11-19,FG,A87822,8,70,,Female,Unmarked,,,,4?,0.3,6-Apr,2,Chum,Regular Card,Non-Treaty,Broodstock Collection,608,983,
25-1-13-34208,Wallace River Hatchery,,,2024-11-19,FG,A87822,9,60,,Female,Unmarked,,,,4?,0.3,6-Apr,2,Chum,Regular Card,Non-Treaty,Broodstock Collection,609,984,
25-1-13-34208,Wallace River Hatchery,,,2024-11-19,FG,A87822,10,70,,Female,Unmarked,,,,3?,0.2,6-Apr,2,Chum,Regular Card,Non-Treaty,Broodstock Collection,610,985,
25-1-13-34208,Wallace River Hatchery,,,2024-11-19,FG,A87822,11,64,,Female,Unmarked,,,,4?,0.3,6-Apr,2,Chum,Regular Card,Non-Treaty,Broodstock Collection,611,986,
25-1-13-34208,Wallace River Hatchery,,,2024-11-19,FG,A87822,12,72,,Male,Unmarked,,,,3?,0.2,6-Apr,2,Chum,Regular Card,Non-Treaty,Broodstock Collection,612,987,
25-1-13-34208,Wallace River Hatchery,,,2024-11-19,FG,A87822,13,64,,Male,Unmarked,,,,4?,0.3,6-Apr,2,Chum,Regular Card,Non-Treaty,Broodstock Collection,613,988,
25-1-13-34208,Wallace River Hatchery,,,2024-11-19,FG,A87822,14,76,,Male,Unmarked,,,,3?,0.2,6-Apr,2,Chum,Regular Card,Non-Treaty,Broodstock Collection,614,989,
25-1-13-34208,Wallace River Hatchery,,,2024-11-19,FG,A87822,15,67,,Male,Unmarked,,,,4?,0.3,6-Apr,2,Chum,Regular Card,Non-Treaty,Broodstock Collection,615,990,
25-1-13-34208,Wallace River Hatchery,,,2024-11-19,FG,A87822,16,81,,Male,Unmarked,,,,4?,0.3,6-Apr,2,Chum,Regular Card,Non-Treaty,Broodstock Collection,616,991,
25-1-13-34208,Wallace River Hatchery,,,2024-11-19,FG,A87822,17,66,,Male,Unmarked,,,,3?,0.2,6-Apr,2,Chum,Regular Card,Non-Treaty,Broodstock Collection,617,992,
25-1-13-34208,Wallace River Hatchery,,,2024-11-19,FG,A87822,18,71,,Female,Unmarked,,,,Unreadable,Unreadable,6-Apr,2,Chum,Regular Card,Non-Treaty,Broodstock Collection,618,993,
25-1-13-34208,Wallace River Hatchery,,,2024-11-19,AN,A87824,1,77,,Male,Unmarked,,,,4?,0.3,6-May,2,Chum,Regular Card,Non-Treaty,Broodstock Collection,521,966,
25-1-13-34208,Wallace River Hatchery,,,2024-11-19,AN,A87824,2,74,,Male,Unmarked,,,,Unreadable,Unreadable,6-May,2,Chum,Regular Card,Non-Treaty,Broodstock Collection,522,967,
25-1-13-34208,Wallace River Hatchery,,,2024-11-19,AN,A87824,3,72,,Male,Unmarked,,,,4?,0.3,6-May,2,Chum,Regular Card,Non-Treaty,Broodstock Collection,523,968,
25-1-13-34208,Wallace River Hatchery,,,2024-11-19,AN,A87824,4,74,,Male,Unmarked,,,,4?,0.3,6-May,2,Chum,Regular Card,Non-Treaty,Broodstock Collection,524,969,
25-1-13-34208,Wallace River Hatchery,,,2024-11-19,AN,A87824,5,66,,Male,Unmarked,,,,3?,0.2,6-May,2,Chum,Regular Card,Non-Treaty,Broodstock Collection,525,970,
25-1-13-34208,Wallace River Hatchery,,,2024-11-19,AN,A87824,6,76,,Male,Unmarked,,,,4?,0.3,6-May,2,Chum,Regular Card,Non-Treaty,Broodstock Collection,526,971,
25-1-13-34208,Wallace River Hatchery,,,2024-11-19,AN,A87824,7,79,,Male,Unmarked,,,,4?,0.3,6-May,2,Chum,Regular Card,Non-Treaty,Broodstock Collection,527,972,
25-1-13-34208,Wallace River Hatchery,,,2024-11-19,AN,A87824,8,70,,Male,Unmarked,,,,3?,0.2,6-May,2,Chum,Regular Card,Non-Treaty,Broodstock Collection,528,973,
25-1-13-34208,Wallace River Hatchery,,,2024-11-19,FG,S23030,1,77,,Male,Unmarked,,,,4?,0.3,6-Jan,2,Chum,Regular Card,Non-Treaty,Broodstock Collection,431,887,
25-1-13-34208,Wallace River Hatchery,,,2024-11-19,FG,S23030,2,72,,Male,Unmarked,,,,4?,0.3,6-Jan,2,Chum,Regular Card,Non-Treaty,Broodstock Collection,432,888,
25-1-13-34208,Wallace River Hatchery,,,2024-11-19,FG,S23030,3,71,,Male,Unmarked,,,,4?,0.3,6-Jan,2,Chum,Regular Card,Non-Treaty,Broodstock Collection,433,889,
25-1-13-34208,Wallace River Hatchery,,,2024-11-19,FG,S23030,4,75,,Male,Unmarked,,,,4?,0.3,6-Jan,2,Chum,Regular Card,Non-Treaty,Broodstock Collection,434,890,
25-1-13-34208,Wallace River Hatchery,,,2024-11-19,FG,S23030,5,75,,Male,Unmarked,,,,4?,0.3,6-Jan,2,Chum,Regular Card,Non-Treaty,Broodstock Collection,435,891,
25-1-13-34208,Wallace River Hatchery,,,2024-11-19,FG,S23030,6,74,,Male,Unmarked,,,,4?,0.3,6-Jan,2,Chum,Regular Card,Non-Treaty,Broodstock Collection,436,892,
25-1-13-34208,Wallace River Hatchery,,,2024-11-19,FG,S23030,7,69,,Male,Unmarked,,,,4?,0.3,6-Jan,2,Chum,Regular Card,Non-Treaty,Broodstock Collection,437,893,
25-1-13-34208,Wallace River Hatchery,,,2024-11-19,FG,S23030,8,66,,Male,Unmarked,,,,3?,0.2,6-Jan,2,Chum,Regular Card,Non-Treaty,Broodstock Collection,438,894,
25-1-13-34208,Wallace River Hatchery,,,2024-11-19,FG,S23030,9,70,,Male,Unmarked,,,,4?,0.3,6-Jan,2,Chum,Regular Card,Non-Treaty,Broodstock Collection,439,895,
25-1-13-34208,Wallace River Hatchery,,,2024-11-19,FG,S23030,10,75,,Male,Unmarked,,,,4?,0.3,6-Jan,2,Chum,Regular Card,Non-Treaty,Broodstock Collection,440,896,
25-1-13-34208,Wallace River Hatchery,,,2024-11-19,FG,S23030,11,69,,Male,Unmarked,,,,Unreadable,Unreadable,6-Jan,2,Chum,Regular Card,Non-Treaty,Broodstock Collection,441,897,
25-1-13-34208,Wallace River Hatchery,,,2024-11-19,FG,S23030,12,73,,Male,Unmarked,,,,4?,0.3,6-Jan,2,Chum,Regular Card,Non-Treaty,Broodstock Collection,442,898,
25-1-13-34208,Wallace River Hatchery,,,2024-11-19,FG,S23030,13,74,,Male,Unmarked,,,,4?,0.3,6-Jan,2,Chum,Regular Card,Non-Treaty,Broodstock Collection,443,899,
25-1-13-34208,Wallace River Hatchery,,,2024-11-19,FG,S23030,14,71,,Male,Unmarked,,,,4?,0.3,6-Jan,2,Chum,Regular Card,Non-Treaty,Broodstock Collection,444,900,
25-1-13-34208,Wallace River Hatchery,,,2024-11-19,FG,S23030,15,75,,Male,Unmarked,,,,4?,0.3,6-Jan,2,Chum,Regular Card,Non-Treaty,Broodstock Collection,445,901,
25-1-13-34208,Wallace River Hatchery,,,2024-11-19,FG,S23030,16,79,,Male,Unmarked,,,,4?,0.3,6-Jan,2,Chum,Regular Card,Non-Treaty,Broodstock Collection,446,902,
25-1-13-34208,Wallace River Hatchery,,,2024-11-19,FG,S23030,17,69,,Male,Unmarked,,,,4?,0.3,6-Jan,2,Chum,Regular Card,Non-Treaty,Broodstock Collection,447,903,
25-1-13-34208,Wallace River Hatchery,,,2024-11-19,FG,S23030,18,74,,Male,Unmarked,,,,4?,0.3,6-Jan,2,Chum,Regular Card,Non-Treaty,Broodstock Collection,448,904,
25-1-13-34208,Wallace River Hatchery,,,2024-11-19,FG,S23030,19,76,,Male,Unmarked,,,,4?,0.3,6-Jan,2,Chum,Regular Card,Non-Treaty,Broodstock Collection,449,905,
25-1-13-34208,Wallace River Hatchery,,,2024-11-19,FG,S23030,20,77,,Male,Unmarked,,,,4?,0.3,6-Jan,2,Chum,Regular Card,Non-Treaty,Broodstock Collection,450,906,
25-1-13-34208,Wallace River Hatchery,,,2024-11-19,FG,S23031,1,68,,Male,Unmarked,,,,4?,0.3,6-Feb,2,Chum,Regular Card,Non-Treaty,Broodstock Collection,451,907,
25-1-13-34208,Wallace River Hatchery,,,2024-11-19,FG,S23031,2,78,,Male,Unmarked,,,,4?,0.3,6-Feb,2,Chum,Regular Card,Non-Treaty,Broodstock Collection,452,908,
25-1-13-34208,Wallace River Hatchery,,,2024-11-19,FG,S23031,3,67,,Male,Unmarked,,,,3?,0.2,6-Feb,2,Chum,Regular Card,Non-Treaty,Broodstock Collection,453,,
25-1-13-34208,Wallace River Hatchery,,,2024-11-19,FG,S23031,4,74,,Male,Unmarked,,,,4?,0.3,6-Feb,2,Chum,Regular Card,Non-Treaty,Broodstock Collection,454,910,
25-1-13-34208,Wallace River Hatchery,,,2024-11-19,FG,S23031,5,67,,Male,Unmarked,,,,4?,0.3,6-Feb,2,Chum,Regular Card,Non-Treaty,Broodstock Collection,455,911,
25-1-13-34208,Wallace River Hatchery,,,2024-11-19,FG,S23031,6,76,,Male,Unmarked,,,,4?,0.3,6-Feb,2,Chum,Regular Card,Non-Treaty,Broodstock Collection,456,912,
25-1-13-34208,Wallace River Hatchery,,,2024-11-19,FG,S23031,7,70,,Male,Unmarked,,,,4?,0.3,6-Feb,2,Chum,Regular Card,Non-Treaty,Broodstock Collection,458,,
25-1-13-34208,Wallace River Hatchery,,,2024-11-19,FG,S23031,8,76,,Male,Unmarked,,,,4?,0.3,6-Feb,2,Chum,Regular Card,Non-Treaty,Broodstock Collection,459,914,
25-1-13-34208,Wallace River Hatchery,,,2024-11-19,FG,S23031,9,75,,Male,Unmarked,,,,4?,0.3,6-Feb,2,Chum,Regular Card,Non-Treaty,Broodstock Collection,457,915,
25-1-13-34208,Wallace River Hatchery,,,2024-11-19,FG,S23031,10,70,,Male,Unmarked,,,,3?,0.2,6-Feb,2,Chum,Regular Card,Non-Treaty,Broodstock Collection,460,916,
25-1-13-34208,Wallace River Hatchery,,,2024-11-19,FG,S23031,11,64,,Male,Unmarked,,,,4?,0.3,6-Feb,2,Chum,Regular Card,Non-Treaty,Broodstock Collection,461,917,
25-1-13-34208,Wallace River Hatchery,,,2024-11-19,FG,S23031,12,70,,Male,Unmarked,,,,4?,0.3,6-Feb,2,Chum,Regular Card,Non-Treaty,Broodstock Collection,462,918,
25-1-13-34208,Wallace River Hatchery,,,2024-11-19,FG,S23031,13,66,,Male,Unmarked,,,,3?,0.2,6-Feb,2,Chum,Regular Card,Non-Treaty,Broodstock Collection,463,919,
25-1-13-34208,Wallace River Hatchery,,,2024-11-19,FG,S23031,14,73,,Male,Unmarked,,,,4?,0.3,6-Feb,2,Chum,Regular Card,Non-Treaty,Broodstock Collection,464,920,
25-1-13-34208,Wallace River Hatchery,,,2024-11-19,FG,S23031,15,63,,Male,Unmarked,,,,4?,0.3,6-Feb,2,Chum,Regular Card,Non-Treaty,Broodstock Collection,465,921,
25-1-13-34208,Wallace River Hatchery,,,2024-11-19,FG,S23031,16,68,,Male,Unmarked,,,,3?,0.2,6-Feb,2,Chum,Regular Card,Non-Treaty,Broodstock Collection,466,922,
25-1-13-34208,Wallace River Hatchery,,,2024-11-19,FG,S23031,17,66,,Male,Unmarked,,,,4?,0.3,6-Feb,2,Chum,Regular Card,Non-Treaty,Broodstock Collection,467,923,
25-1-13-34208,Wallace River Hatchery,,,2024-11-19,FG,S23031,18,71,,Male,Unmarked,,,,3?,0.2,6-Feb,2,Chum,Regular Card,Non-Treaty,Broodstock Collection,468,924,
25-1-13-34208,Wallace River Hatchery,,,2024-11-19,FG,S23031,19,66,,Female,Unmarked,,,,3?,0.2,6-Feb,2,Chum,Regular Card,Non-Treaty,Broodstock Collection,469,,
25-1-13-34208,Wallace River Hatchery,,,2024-11-19,FG,S23031,20,64,,Female,Unmarked,,,,3?,0.2,6-Feb,2,Chum,Regular Card,Non-Treaty,Broodstock Collection,470,926,
25-1-13-34208,Wallace River Hatchery,,,2024-11-19,JN/BD/AN,S23032,1,69,,Male,Unmarked,,,,Unreadable,Unreadable,6-Jun,2,Chum,Regular Card,Non-Treaty,Broodstock Collection,501,2000,
25-1-13-34208,Wallace River Hatchery,,,2024-11-19,JN/BD/AN,S23032,2,74,,Male,Unmarked,,,,4?,0.3,6-Jun,2,Chum,Regular Card,Non-Treaty,Broodstock Collection,502,947,
25-1-13-34208,Wallace River Hatchery,,,2024-11-19,JN/BD/AN,S23032,3,74,,Male,Unmarked,,,,4?,0.3,6-Jun,2,Chum,Regular Card,Non-Treaty,Broodstock Collection,503,948,
25-1-13-34208,Wallace River Hatchery,,,2024-11-19,JN/BD/AN,S23032,4,77,,Male,Unmarked,,,,4?,0.3,6-Jun,2,Chum,Regular Card,Non-Treaty,Broodstock Collection,504,949,
25-1-13-34208,Wallace River Hatchery,,,2024-11-19,JN/BD/AN,S23032,5,78,,Male,Unmarked,,,,4?,0.3,6-Jun,2,Chum,Regular Card,Non-Treaty,Broodstock Collection,505,950,
25-1-13-34208,Wallace River Hatchery,,,2024-11-19,JN/BD/AN,S23032,6,66,,Male,Unmarked,,,,3?,0.2,6-Jun,2,Chum,Regular Card,Non-Treaty,Broodstock Collection,506,951,
25-1-13-34208,Wallace River Hatchery,,,2024-11-19,JN/BD/AN,S23032,7,72,,Male,Unmarked,,,,4?,0.3,6-Jun,2,Chum,Regular Card,Non-Treaty,Broodstock Collection,507,952,
25-1-13-34208,Wallace River Hatchery,,,2024-11-19,JN/BD/AN,S23032,8,69,,Male,Unmarked,,,,4?,0.3,6-Jun,2,Chum,Regular Card,Non-Treaty,Broodstock Collection,508,953,
25-1-13-34208,Wallace River Hatchery,,,2024-11-19,JN/BD/AN,S23032,9,69,,Male,Unmarked,,,,4?,0.3,6-Jun,2,Chum,Regular Card,Non-Treaty,Broodstock Collection,509,654,
25-1-13-34208,Wallace River Hatchery,,,2024-11-19,JN/BD/AN,S23032,10,63,,Male,Unmarked,,,,3?,0.2,6-Jun,2,Chum,Regular Card,Non-Treaty,Broodstock Collection,910,955,
25-1-13-34208,Wallace River Hatchery,,,2024-11-19,JN/BD/AN,S23032,11,73,,Male,Unmarked,,,,4?,0.3,6-Jun,2,Chum,Regular Card,Non-Treaty,Broodstock Collection,511,956,
25-1-13-34208,Wallace River Hatchery,,,2024-11-19,JN/BD/AN,S23032,12,66,,Male,Unmarked,,,,3?,0.2,6-Jun,2,Chum,Regular Card,Non-Treaty,Broodstock Collection,512,957,
25-1-13-34208,Wallace River Hatchery,,,2024-11-19,JN/BD/AN,S23032,13,67,,Female,Unmarked,,,,4?,0.3,6-Jun,2,Chum,Regular Card,Non-Treaty,Broodstock Collection,513,958,
25-1-13-34208,Wallace River Hatchery,,,2024-11-19,JN/BD/AN,S23032,14,74,,Male,Unmarked,,,,4?,0.3,6-Jun,2,Chum,Regular Card,Non-Treaty,Broodstock Collection,514,959,
25-1-13-34208,Wallace River Hatchery,,,2024-11-19,JN/BD/AN,S23032,15,68,,Male,Unmarked,,,,4?,0.3,6-Jun,2,Chum,Regular Card,Non-Treaty,Broodstock Collection,515,960,
25-1-13-34208,Wallace River Hatchery,,,2024-11-19,JN/BD/AN,S23032,16,77,,Male,Unmarked,,,,3?,0.2,6-Jun,2,Chum,Regular Card,Non-Treaty,Broodstock Collection,516,961,
25-1-13-34208,Wallace River Hatchery,,,2024-11-19,JN/BD/AN,S23032,17,77,,Male,Unmarked,,,,4?,0.3,6-Jun,2,Chum,Regular Card,Non-Treaty,Broodstock Collection,517,962,
25-1-13-34208,Wallace River Hatchery,,,2024-11-19,JN/BD/AN,S23032,18,71,,Male,Unmarked,,,,3?,0.2,6-Jun,2,Chum,Regular Card,Non-Treaty,Broodstock Collection,518,963,
25-1-13-34208,Wallace River Hatchery,,,2024-11-19,JN/BD/AN,S23032,19,64,,Female,Unmarked,,,,4?,0.3,6-Jun,2,Chum,Regular Card,Non-Treaty,Broodstock Collection,519,964,
25-1-13-34208,Wallace River Hatchery,,,2024-11-19,JN/BD/AN,S23032,20,68,,Male,Unmarked,,,,4?,0.3,6-Jun,2,Chum,Regular Card,Non-Treaty,Broodstock Collection,520,965,
25-1-13-34208,Wallace River Hatchery,,,2024-11-19,KC/FO,S23033,1,69,,Female,Unmarked,,,,4?,0.3,6-Mar,2,Chum,Regular Card,Non-Treaty,Broodstock Collection,471,927,
25-1-13-34208,Wallace River Hatchery,,,2024-11-19,KC/FO,S23033,2,65,,Female,Unmarked,,,,3?,0.2,6-Mar,2,Chum,Regular Card,Non-Treaty,Broodstock Collection,472,928,
25-1-13-34208,Wallace River Hatchery,,,2024-11-19,KC/FO,S23033,3,68,,Female,Unmarked,,,,4?,0.3,6-Mar,2,Chum,Regular Card,Non-Treaty,Broodstock Collection,473,929,
25-1-13-34208,Wallace River Hatchery,,,2024-11-19,KC/FO,S23033,4,72,,Female,Unmarked,,,,4?,0.3,6-Mar,2,Chum,Regular Card,Non-Treaty,Broodstock Collection,474,,
25-1-13-34208,Wallace River Hatchery,,,2024-11-19,KC/FO,S23033,5,68,,Female,Unmarked,,,,3?,0.2,6-Mar,2,Chum,Regular Card,Non-Treaty,Broodstock Collection,475,931,
25-1-13-34208,Wallace River Hatchery,,,2024-11-19,KC/FO,S23033,6,64,,Female,Unmarked,,,,Unreadable,Unreadable,6-Mar,2,Chum,Regular Card,Non-Treaty,Broodstock Collection,476,932,
25-1-13-34208,Wallace River Hatchery,,,2024-11-19,KC/FO,S23033,7,71,,Female,Unmarked,,,,4?,0.3,6-Mar,2,Chum,Regular Card,Non-Treaty,Broodstock Collection,477,933,
25-1-13-34208,Wallace River Hatchery,,,2024-11-19,KC/FO,S23033,8,67,,Female,Unmarked,,,,4?,0.3,6-Mar,2,Chum,Regular Card,Non-Treaty,Broodstock Collection,478,934,
25-1-13-34208,Wallace River Hatchery,,,2024-11-19,KC/FO,S23033,9,70,,Female,Unmarked,,,,4?,0.3,6-Mar,2,Chum,Regular Card,Non-Treaty,Broodstock Collection,479,935,
25-1-13-34208,Wallace River Hatchery,,,2024-11-19,KC/FO,S23033,10,65,,Female,Unmarked,,,,4?,0.3,6-Mar,2,Chum,Regular Card,Non-Treaty,Broodstock Collection,480,936,
25-1-13-34208,Wallace River Hatchery,,,2024-11-19,KC/FO,S23033,11,65,,Female,Unmarked,,,,4?,0.3,6-Mar,2,Chum,Regular Card,Non-Treaty,Broodstock Collection,481,937,
25-1-13-34208,Wallace River Hatchery,,,2024-11-19,KC/FO,S23033,12,68,,Female,Unmarked,,,,4?,0.3,6-Mar,2,Chum,Regular Card,Non-Treaty,Broodstock Collection,482,938,
25-1-13-34208,Wallace River Hatchery,,,2024-11-19,KC/FO,S23033,13,65,,Female,Unmarked,,,,3?,0.2,6-Mar,2,Chum,Regular Card,Non-Treaty,Broodstock Collection,483,939,
25-1-13-34208,Wallace River Hatchery,,,2024-11-19,KC/FO,S23033,14,64,,Female,Unmarked,,,,3?,0.2,6-Mar,2,Chum,Regular Card,Non-Treaty,Broodstock Collection,484,940,
25-1-13-34208,Wallace River Hatchery,,,2024-11-19,KC/FO,S23033,15,69,,Female,Unmarked,,,,4?,0.3,6-Mar,2,Chum,Regular Card,Non-Treaty,Broodstock Collection,485,941,
25-1-13-34208,Wallace River Hatchery,,,2024-11-19,KC/FO,S23033,16,65,,Female,Unmarked,,,,4?,0.3,6-Mar,2,Chum,Regular Card,Non-Treaty,Broodstock Collection,486,942,
25-1-13-34208,Wallace River Hatchery,,,2024-11-19,KC/FO,S23033,17,71,,Female,Unmarked,,,,4?,0.3,6-Mar,2,Chum,Regular Card,Non-Treaty,Broodstock Collection,487,943,
25-1-13-34208,Wallace River Hatchery,,,2024-11-19,KC/FO,S23033,18,71,,Female,Unmarked,,,,4?,0.3,6-Mar,2,Chum,Regular Card,Non-Treaty,Broodstock Collection,488,944,
25-1-13-34208,Wallace River Hatchery,,,2024-11-19,KC/FO,S23033,19,72,,Female,Unmarked,,,,4?,0.3,6-Mar,2,Chum,Regular Card,Non-Treaty,Broodstock Collection,489,945,
25-1-13-34208,Wallace River Hatchery,,,2024-11-19,KC/FO,S23033,20,71,,Female,Unmarked,,,,4?,0.3,6-Mar,2,Chum,Regular Card,Non-Treaty,Broodstock Collection,490,946,
25-1-13-34208,Wallace River Hatchery,,,2024-11-20,BD,A81817,1,67,,Male,Unmarked,,,,4?,0.3,4-Apr,2,Chum,Regular Card,Non-Treaty,Broodstock Collection,547,1068,
25-1-13-34208,Wallace River Hatchery,,,2024-11-20,BD,A81817,2,74,,Male,Unmarked,,,,4?,0.3,4-Apr,2,Chum,Regular Card,Non-Treaty,Broodstock Collection,548,1069,
25-1-13-34208,Wallace River Hatchery,,,2024-11-20,BD,A81817,3,72,,Female,Unmarked,,,,4?,0.3,4-Apr,2,Chum,Regular Card,Non-Treaty,Broodstock Collection,549,1070,
25-1-13-34208,Wallace River Hatchery,,,2024-11-20,BD,A81817,4,69,,Male,Unmarked,,,,4?,0.3,4-Apr,2,Chum,Regular Card,Non-Treaty,Broodstock Collection,550,1071,
25-1-13-34208,Wallace River Hatchery,,,2024-11-20,BD,A81817,5,75,,Male,Unmarked,,,,4?,0.3,4-Apr,2,Chum,Regular Card,Non-Treaty,Broodstock Collection,551,1072,
25-1-13-34208,Wallace River Hatchery,,,2024-11-20,BD,A81817,6,73,,Male,Unmarked,,,,4?,0.3,4-Apr,2,Chum,Regular Card,Non-Treaty,Broodstock Collection,552,1073,
25-1-13-34208,Wallace River Hatchery,,,2024-11-20,BD,A81817,7,66,,Female,Unmarked,,,,4?,0.3,4-Apr,2,Chum,Regular Card,Non-Treaty,Broodstock Collection,553,1074,
25-1-13-34208,Wallace River Hatchery,,,2024-11-20,BD,A81817,8,71,,Female,Unmarked,,,,4?,0.3,4-Apr,2,Chum,Regular Card,Non-Treaty,Broodstock Collection,554,1075,
25-1-13-34208,Wallace River Hatchery,,,2024-11-20,BD,A81817,9,68,,Female,Unmarked,,,,4?,0.3,4-Apr,2,Chum,Regular Card,Non-Treaty,Broodstock Collection,555,1076,
25-1-13-34208,Wallace River Hatchery,,,2024-11-20,BD,A81817,10,74,,Female,Unmarked,,,,4?,0.3,4-Apr,2,Chum,Regular Card,Non-Treaty,Broodstock Collection,556,1077,
25-1-13-34208,Wallace River Hatchery,,,2024-11-20,BD,A81817,11,62,,Female,Unmarked,,,,4?,0.3,4-Apr,2,Chum,Regular Card,Non-Treaty,Broodstock Collection,557,1078,
25-1-13-34208,Wallace River Hatchery,,,2024-11-20,BD,A81817,12,70,,Female,Unmarked,,,,4?,0.3,4-Apr,2,Chum,Regular Card,Non-Treaty,Broodstock Collection,558,1079,
25-1-13-34208,Wallace River Hatchery,,,2024-11-20,,A87814,1,70,,Male,Unmarked,,,,4?,0.3,4-Jan,2,Chum,Regular Card,Non-Treaty,Broodstock Collection,619,974,
25-1-13-34208,Wallace River Hatchery,,,2024-11-20,,A87814,2,68,,Male,Unmarked,,,,4?,0.3,4-Jan,2,Chum,Regular Card,Non-Treaty,Broodstock Collection,620,975,
25-1-13-34208,Wallace River Hatchery,,,2024-11-20,,A87814,3,76,,Male,Unmarked,,,,4?,0.3,4-Jan,2,Chum,Regular Card,Non-Treaty,Broodstock Collection,621,994,
25-1-13-34208,Wallace River Hatchery,,,2024-11-20,,A87814,4,73,,Male,Unmarked,,,,4?,0.3,4-Jan,2,Chum,Regular Card,Non-Treaty,Broodstock Collection,622,995,
25-1-13-34208,Wallace River Hatchery,,,2024-11-20,,A87814,5,67,,Male,Unmarked,,,,4?,0.3,4-Jan,2,Chum,Regular Card,Non-Treaty,Broodstock Collection,623,996,
25-1-13-34208,Wallace River Hatchery,,,2024-11-20,,A87814,6,72,,Male,Unmarked,,,,4?,0.3,4-Jan,2,Chum,Regular Card,Non-Treaty,Broodstock Collection,624,997,
25-1-13-34208,Wallace River Hatchery,,,2024-11-20,,A87814,7,69,,Male,Unmarked,,,,4?,0.3,4-Jan,2,Chum,Regular Card,Non-Treaty,Broodstock Collection,625,998,
25-1-13-34208,Wallace River Hatchery,,,2024-11-20,,A87814,8,72,,Male,Unmarked,,,,4?,0.3,4-Jan,2,Chum,Regular Card,Non-Treaty,Broodstock Collection,626,999,
25-1-13-34208,Wallace River Hatchery,,,2024-11-20,,A87814,9,72,,Male,Unmarked,,,,3?,0.2,4-Jan,2,Chum,Regular Card,Non-Treaty,Broodstock Collection,627,1000,
25-1-13-34208,Wallace River Hatchery,,,2024-11-20,,A87814,10,68,,Male,Unmarked,,,,3?,0.2,4-Jan,2,Chum,Regular Card,Non-Treaty,Broodstock Collection,628,1001,
25-1-13-34208,Wallace River Hatchery,,,2024-11-20,,A87814,11,70,,Male,Unmarked,,,,4?,0.3,4-Jan,2,Chum,Regular Card,Non-Treaty,Broodstock Collection,629,1002,
25-1-13-34208,Wallace River Hatchery,,,2024-11-20,,A87814,12,69,,Male,Unmarked,,,,4?,0.3,4-Jan,2,Chum,Regular Card,Non-Treaty,Broodstock Collection,630,1003,
25-1-13-34208,Wallace River Hatchery,,,2024-11-20,,A87814,13,67,,Male,Unmarked,,,,4?,0.3,4-Jan,2,Chum,Regular Card,Non-Treaty,Broodstock Collection,631,1004,
25-1-13-34208,Wallace River Hatchery,,,2024-11-20,,A87814,14,71,,Male,Unmarked,,,,4?,0.3,4-Jan,2,Chum,Regular Card,Non-Treaty,Broodstock Collection,632,1005,
25-1-13-34208,Wallace River Hatchery,,,2024-11-20,,A87814,15,73,,Male,Unmarked,,,,4?,0.3,4-Jan,2,Chum,Regular Card,Non-Treaty,Broodstock Collection,633,1006,
25-1-13-34208,Wallace River Hatchery,,,2024-11-20,,A87814,16,66,,Male,Unmarked,,,,3?,0.2,4-Jan,2,Chum,Regular Card,Non-Treaty,Broodstock Collection,634,1007,
25-1-13-34208,Wallace River Hatchery,,,2024-11-20,,A87814,17,70,,Male,Unmarked,,,,3?,0.2,4-Jan,2,Chum,Regular Card,Non-Treaty,Broodstock Collection,635,1008,
25-1-13-34208,Wallace River Hatchery,,,2024-11-20,,A87814,18,64,,Male,Unmarked,,,,3?,0.2,4-Jan,2,Chum,Regular Card,Non-Treaty,Broodstock Collection,636,1009,
25-1-13-34208,Wallace River Hatchery,,,2024-11-20,,A87814,19,72,,Male,Unmarked,,,,4?,0.3,4-Jan,2,Chum,Regular Card,Non-Treaty,Broodstock Collection,637,1010,
25-1-13-34208,Wallace River Hatchery,,,2024-11-20,,A87814,20,71,,Male,Unmarked,,,,3?,0.2,4-Jan,2,Chum,Regular Card,Non-Treaty,Broodstock Collection,638,1011,
25-1-13-34208,Wallace River Hatchery,,,2024-11-20,AN,A87815,1,67,,Male,Unmarked,,,,3?,0.2,4-Mar,2,Chum,Regular Card,Non-Treaty,Broodstock Collection,,,
25-1-13-34208,Wallace River Hatchery,,,2024-11-20,AN,A87815,2,77,,Male,Unmarked,,,,4?,0.3,4-Mar,2,Chum,Regular Card,Non-Treaty,Broodstock Collection,530,1051,
25-1-13-34208,Wallace River Hatchery,,,2024-11-20,AN,A87815,3,71,,Male,Unmarked,,,,4?,0.3,4-Mar,2,Chum,Regular Card,Non-Treaty,Broodstock Collection,531,1052,
25-1-13-34208,Wallace River Hatchery,,,2024-11-20,AN,A87815,4,68,,Male,Unmarked,,,,4?,0.3,4-Mar,2,Chum,Regular Card,Non-Treaty,Broodstock Collection,532,1053,
25-1-13-34208,Wallace River Hatchery,,,2024-11-20,AN,A87815,5,79,,Male,Unmarked,,,,4?,0.3,4-Mar,2,Chum,Regular Card,Non-Treaty,Broodstock Collection,533,1054,
25-1-13-34208,Wallace River Hatchery,,,2024-11-20,AN,A87815,6,73,,Male,Unmarked,,,,4?,0.3,4-Mar,2,Chum,Regular Card,Non-Treaty,Broodstock Collection,534,1055,
25-1-13-34208,Wallace River Hatchery,,,2024-11-20,AN,A87815,7,73,,Male,Unmarked,,,,4?,0.3,4-Mar,2,Chum,Regular Card,Non-Treaty,Broodstock Collection,535,1056,
25-1-13-34208,Wallace River Hatchery,,,2024-11-20,AN,A87815,8,71,,Male,Unmarked,,,,4?,0.3,4-Mar,2,Chum,Regular Card,Non-Treaty,Broodstock Collection,536,1057,
25-1-13-34208,Wallace River Hatchery,,,2024-11-20,AN,A87815,9,69,,Male,Unmarked,,,,3?,0.2,4-Mar,2,Chum,Regular Card,Non-Treaty,Broodstock Collection,537,1058,
25-1-13-34208,Wallace River Hatchery,,,2024-11-20,AN,A87815,10,66,,Male,Unmarked,,,,3?,0.2,4-Mar,2,Chum,Regular Card,Non-Treaty,Broodstock Collection,538,1059,
25-1-13-34208,Wallace River Hatchery,,,2024-11-20,AN,A87815,11,62,,Male,Unmarked,,,,3?,0.2,4-Mar,2,Chum,Regular Card,Non-Treaty,Broodstock Collection,539,1060,
25-1-13-34208,Wallace River Hatchery,,,2024-11-20,AN,A87815,12,68,,Female,Unmarked,,,,4?,0.3,4-Mar,2,Chum,Regular Card,Non-Treaty,Broodstock Collection,540,1061,
25-1-13-34208,Wallace River Hatchery,,,2024-11-20,AN,A87815,13,70,,Female,Unmarked,,,,4?,0.3,4-Mar,2,Chum,Regular Card,Non-Treaty,Broodstock Collection,541,1062,
25-1-13-34208,Wallace River Hatchery,,,2024-11-20,AN,A87815,14,67,,Female,Unmarked,,,,4?,0.3,4-Mar,2,Chum,Regular Card,Non-Treaty,Broodstock Collection,542,1063,
25-1-13-34208,Wallace River Hatchery,,,2024-11-20,AN,A87815,15,66,,Female,Unmarked,,,,4?,0.3,4-Mar,2,Chum,Regular Card,Non-Treaty,Broodstock Collection,543,1064,
25-1-13-34208,Wallace River Hatchery,,,2024-11-20,AN,A87815,16,65,,Female,Unmarked,,,,4?,0.3,4-Mar,2,Chum,Regular Card,Non-Treaty,Broodstock Collection,544,1065,
25-1-13-34208,Wallace River Hatchery,,,2024-11-20,AN,A87815,17,73,,Male,Unmarked,,,,4?,0.3,4-Mar,2,Chum,Regular Card,Non-Treaty,Broodstock Collection,545,1066,
25-1-13-34208,Wallace River Hatchery,,,2024-11-20,AN,A87815,18,67,,Female,Unmarked,,,,4?,0.3,4-Mar,2,Chum,Regular Card,Non-Treaty,Broodstock Collection,546,1067,
25-1-13-34208,Wallace River Hatchery,,,2024-11-20,,A87816,1,72,,Male,Unmarked,,,,Unreadable,Unreadable,4-Feb,2,Chum,Regular Card,Non-Treaty,Broodstock Collection,639,1012,
25-1-13-34208,Wallace River Hatchery,,,2024-11-20,,A87816,2,66,,Male,Unmarked,,,,4?,0.3,4-Feb,2,Chum,Regular Card,Non-Treaty,Broodstock Collection,640,1013,
25-1-13-34208,Wallace River Hatchery,,,2024-11-20,,A87816,3,61,,Female,Unmarked,,,,3?,0.2,4-Feb,2,Chum,Regular Card,Non-Treaty,Broodstock Collection,641,1014,
25-1-13-34208,Wallace River Hatchery,,,2024-11-20,,A87816,4,66,,Female,Unmarked,,,,4?,0.3,4-Feb,2,Chum,Regular Card,Non-Treaty,Broodstock Collection,642,1015,
25-1-13-34208,Wallace River Hatchery,,,2024-11-20,,A87816,5,68,,Female,Unmarked,,,,4?,0.3,4-Feb,2,Chum,Regular Card,Non-Treaty,Broodstock Collection,643,1016,
25-1-13-34208,Wallace River Hatchery,,,2024-11-20,,A87816,6,67,,Female,Unmarked,,,,4?,0.3,4-Feb,2,Chum,Regular Card,Non-Treaty,Broodstock Collection,644,1017,
25-1-13-34208,Wallace River Hatchery,,,2024-11-20,,A87816,7,67,,Female,Unmarked,,,,4?,0.3,4-Feb,2,Chum,Regular Card,Non-Treaty,Broodstock Collection,645,1018,
25-1-13-34208,Wallace River Hatchery,,,2024-11-20,,A87816,8,64,,Female,Unmarked,,,,4?,0.3,4-Feb,2,Chum,Regular Card,Non-Treaty,Broodstock Collection,646,1019,
25-1-13-34208,Wallace River Hatchery,,,2024-11-20,,A87816,9,67,,Female,Unmarked,,,,4?,0.3,4-Feb,2,Chum,Regular Card,Non-Treaty,Broodstock Collection,647,1020,
25-1-13-34208,Wallace River Hatchery,,,2024-11-20,,A87816,10,67,,Female,Unmarked,,,,4?,0.3,4-Feb,2,Chum,Regular Card,Non-Treaty,Broodstock Collection,648,1021,
25-1-13-34208,Wallace River Hatchery,,,2024-11-20,,A87816,11,63,,Female,Unmarked,,,,3?,0.2,4-Feb,2,Chum,Regular Card,Non-Treaty,Broodstock Collection,649,1022,
25-1-13-34208,Wallace River Hatchery,,,2024-11-20,,A87816,12,70,,Female,Unmarked,,,,4?,0.3,4-Feb,2,Chum,Regular Card,Non-Treaty,Broodstock Collection,650,1023,
25-1-13-34208,Wallace River Hatchery,,,2024-11-20,,A87816,13,66,,Female,Unmarked,,,,4?,0.3,4-Feb,2,Chum,Regular Card,Non-Treaty,Broodstock Collection,651,1024,
25-1-13-34208,Wallace River Hatchery,,,2024-11-20,,A87816,14,72,,Female,Unmarked,,,,4?,0.3,4-Feb,2,Chum,Regular Card,Non-Treaty,Broodstock Collection,652,1025,
25-1-13-34208,Wallace River Hatchery,,,2024-11-20,,A87816,15,66,,Female,Unmarked,,,,3?,0.2,4-Feb,2,Chum,Regular Card,Non-Treaty,Broodstock Collection,653,1026,
25-1-13-34208,Wallace River Hatchery,,,2024-11-20,,A87816,16,71,,Female,Unmarked,,,,4?,0.3,4-Feb,2,Chum,Regular Card,Non-Treaty,Broodstock Collection,654,1027,
25-1-13-34208,Wallace River Hatchery,,,2024-11-25,FG/KC,A87818,1,72,,Male,Unmarked,,,,4?,0.3,2-Jan,2,Chum,Regular Card,Non-Treaty,Broodstock Collection,655,1080,
25-1-13-34208,Wallace River Hatchery,,,2024-11-25,FG/KC,A87818,2,72,,Male,Unmarked,,,,4?,0.3,2-Jan,2,Chum,Regular Card,Non-Treaty,Broodstock Collection,656,1081,
25-1-13-34208,Wallace River Hatchery,,,2024-11-25,FG/KC,A87818,3,65,,Male,Unmarked,,,,3?,0.2,2-Jan,2,Chum,Regular Card,Non-Treaty,Broodstock Collection,657,1082,
25-1-13-34208,Wallace River Hatchery,,,2024-11-25,FG/KC,A87818,4,78,,Male,Unmarked,,,,4?,0.3,2-Jan,2,Chum,Regular Card,Non-Treaty,Broodstock Collection,658,1083,
25-1-13-34208,Wallace River Hatchery,,,2024-11-25,FG/KC,A87818,5,71,,Male,Unmarked,,,,4?,0.3,2-Jan,2,Chum,Regular Card,Non-Treaty,Broodstock Collection,659,1084,
25-1-13-34208,Wallace River Hatchery,,,2024-11-25,FG/KC,A87818,6,67,,Male,Unmarked,,,,3?,0.2,2-Jan,2,Chum,Regular Card,Non-Treaty,Broodstock Collection,660,1085,
25-1-13-34208,Wallace River Hatchery,,,2024-11-25,FG/KC,A87818,7,62,,Female,Unmarked,,,,3?,0.2,2-Jan,2,Chum,Regular Card,Non-Treaty,Broodstock Collection,661,1086,
25-1-13-34208,Wallace River Hatchery,,,2024-11-25,FG/KC,A87818,8,73,,Female,Unmarked,,,,4?,0.3,2-Jan,2,Chum,Regular Card,Non-Treaty,Broodstock Collection,662,1087,
25-1-13-34208,Wallace River Hatchery,,,2024-11-25,FG/KC,A87818,9,68,,Female,Unmarked,,,,4?,0.3,2-Jan,2,Chum,Regular Card,Non-Treaty,Broodstock Collection,663,1088,
25-1-13-34208,Wallace River Hatchery,,,2024-11-25,FG/KC,A87818,10,65,,Female,Unmarked,,,,3?,0.2,2-Jan,2,Chum,Regular Card,Non-Treaty,Broodstock Collection,664,1089,
25-1-13-34208,Wallace River Hatchery,,,2024-11-25,FG/KC,A87818,11,60,,Female,Unmarked,,,,3?,0.2,2-Jan,2,Chum,Regular Card,Non-Treaty,Broodstock Collection,665,,
25-1-13-34208,Wallace River Hatchery,,,2024-11-25,FG/KC,A87818,12,68,,Female,Unmarked,,,,Unreadable,Unreadable,2-Jan,2,Chum,Regular Card,Non-Treaty,Broodstock Collection,666,1091,
25-1-13-34208,Wallace River Hatchery,,,2024-11-25,FG/KC,A87818,13,64,,Female,Unmarked,,,,4?,0.3,2-Jan,2,Chum,Regular Card,Non-Treaty,Broodstock Collection,667,1092,
25-1-13-34208,Wallace River Hatchery,,,2024-11-25,FG/KC,A87818,14,68,,Female,Unmarked,,,,4?,0.3,2-Jan,2,Chum,Regular Card,Non-Treaty,Broodstock Collection,668,1093,
25-1-13-34208,Wallace River Hatchery,,,2024-11-25,FG/KC,A87818,15,69,,Female,Unmarked,,,,3?,0.2,2-Jan,2,Chum,Regular Card,Non-Treaty,Broodstock Collection,669,1094,
25-1-13-34208,Wallace River Hatchery,,,2024-11-25,FG/KC,A87818,16,69,,Female,Unmarked,,,,3?,0.2,2-Jan,2,Chum,Regular Card,Non-Treaty,Broodstock Collection,670,1095,
25-1-13-34208,Wallace River Hatchery,,,2024-11-25,FG/KC,A87818,17,72,,Female,Unmarked,,,,4?,0.3,2-Jan,2,Chum,Regular Card,Non-Treaty,Broodstock Collection,671,1125,
25-1-13-34208,Wallace River Hatchery,,,2024-11-25,AN,A87825,1,64,,Female,Unmarked,,,,4?,0.3,2-Feb,2,Chum,Regular Card,Non-Treaty,Broodstock Collection,559,1096,
25-1-13-34208,Wallace River Hatchery,,,2024-11-25,AN,A87825,2,67,,Female,Unmarked,,,,3?,0.2,2-Feb,2,Chum,Regular Card,Non-Treaty,Broodstock Collection,560,1097,
25-1-13-34208,Wallace River Hatchery,,,2024-11-25,AN,A87825,3,71,,Male,Unmarked,,,,3?,0.2,2-Feb,2,Chum,Regular Card,Non-Treaty,Broodstock Collection,561,1098,
25-1-13-34208,Wallace River Hatchery,,,2024-11-25,AN,A87825,4,64,,Male,Unmarked,,,,3?,0.2,2-Feb,2,Chum,Regular Card,Non-Treaty,Broodstock Collection,562,1099,
25-1-13-34208,Wallace River Hatchery,,,2024-11-25,AN,A87825,5,72,,Male,Unmarked,,,,3?,0.2,2-Feb,2,Chum,Regular Card,Non-Treaty,Broodstock Collection,563,1100,
25-1-13-34208,Wallace River Hatchery,,,2024-11-25,AN,A87825,6,69,,Male,Unmarked,,,,4?,0.3,2-Feb,2,Chum,Regular Card,Non-Treaty,Broodstock Collection,564,1101,
25-1-13-34208,Wallace River Hatchery,,,2024-11-25,AN,A87825,7,76,,Male,Unmarked,,,,4?,0.3,2-Feb,2,Chum,Regular Card,Non-Treaty,Broodstock Collection,565,1102,
25-1-13-34208,Wallace River Hatchery,,,2024-11-25,AN,A87825,8,75,,Male,Unmarked,,,,4?,0.3,2-Feb,2,Chum,Regular Card,Non-Treaty,Broodstock Collection,566,1103,
25-1-13-34208,Wallace River Hatchery,,,2024-11-25,AN,A87825,9,75,,Male,Unmarked,,,,4?,0.3,2-Feb,2,Chum,Regular Card,Non-Treaty,Broodstock Collection,567,1104,
25-1-13-34208,Wallace River Hatchery,,,2024-11-25,AN,A87825,10,73,,Female,Unmarked,,,,4?,0.3,2-Feb,2,Chum,Regular Card,Non-Treaty,Broodstock Collection,568,1105,
25-1-13-34208,Wallace River Hatchery,,,2024-11-25,AN,A87825,11,63,,Female,Unmarked,,,,4?,0.3,2-Feb,2,Chum,Regular Card,Non-Treaty,Broodstock Collection,569,1106,
25-1-13-34208,Wallace River Hatchery,,,2024-12-01,FG,A87819,1,667,,Female,Unmarked,,,,3?,0.2,1-Jan,2,Chum,Regular Card,Non-Treaty,Broodstock Collection,570,1126,
25-1-13-34208,Wallace River Hatchery,,,2024-12-01,FG,A87819,2,73,,Female,Unmarked,,,,4?,0.3,1-Jan,2,Chum,Regular Card,Non-Treaty,Broodstock Collection,571,1127,
25-1-13-34208,Wallace River Hatchery,,,2024-12-01,FG,A87819,3,68,,Female,Unmarked,,,,3?,0.2,1-Jan,2,Chum,Regular Card,Non-Treaty,Broodstock Collection,572,1128,
25-1-13-34208,Wallace River Hatchery,,,2024-12-01,FG,A87819,4,60,,Female,Unmarked,,,,3?,0.2,1-Jan,2,Chum,Regular Card,Non-Treaty,Broodstock Collection,573,1129,
25-1-13-34208,Wallace River Hatchery,,,2024-12-01,FG,A87819,5,67,,Female,Unmarked,,,,4?,0.3,1-Jan,2,Chum,Regular Card,Non-Treaty,Broodstock Collection,574,1130,
25-1-13-34208,Wallace River Hatchery,,,2024-12-01,FG,A87819,6,68,,Female,Unmarked,,,,4?,0.3,1-Jan,2,Chum,Regular Card,Non-Treaty,Broodstock Collection,575,1131,
25-1-13-34208,Wallace River Hatchery,,,2024-12-01,FG,A87819,7,67,,Male,Unmarked,,,,3?,0.2,1-Jan,2,Chum,Regular Card,Non-Treaty,Broodstock Collection,576,1132,
25-1-13-34208,Wallace River Hatchery,,,2024-12-01,FG,A87819,8,77,,Male,Unmarked,,,,4?,0.3,1-Jan,2,Chum,Regular Card,Non-Treaty,Broodstock Collection,577,1133,
25-1-13-34208,Wallace River Hatchery,,,2024-12-06,FG,S23067,1,65,,Female,Unmarked,,,,4?,0.3,1-Jan,2,Chum,Regular Card,Non-Treaty,Broodstock Collection,578,1134,
25-1-13-34208,Wallace River Hatchery,,,2024-12-06,FG,S23067,2,70,,Female,Unmarked,,,,4?,0.3,1-Jan,2,Chum,Regular Card,Non-Treaty,Broodstock Collection,579,1135,
25-1-13-34208,Wallace River Hatchery,,,2024-12-06,FG,S23067,3,67,,Female,Unmarked,,,,4?,0.3,1-Jan,2,Chum,Regular Card,Non-Treaty,Broodstock Collection,580,1136,
25-1-13-34208,Wallace River Hatchery,,,2024-12-06,FG,S23067,4,73,,Female,Unmarked,,,,4?,0.3,1-Jan,2,Chum,Regular Card,Non-Treaty,Broodstock Collection,581,1137,
25-1-13-34208,Wallace River Hatchery,,,2024-12-06,FG,S23067,5,71,,Female,Unmarked,,,,4?,0.3,1-Jan,2,Chum,Regular Card,Non-Treaty,Broodstock Collection,582,1138,
25-1-13-34208,Wallace River Hatchery,,,2024-12-06,FG,S23067,6,66,,Female,Unmarked,,,,3?,0.2,1-Jan,2,Chum,Regular Card,Non-Treaty,Broodstock Collection,583,1139,
25-1-13-34208,Wallace River Hatchery,,,2024-12-06,FG,S23067,7,74,,Male,Unmarked,,,,4?,0.3,1-Jan,2,Chum,Regular Card,Non-Treaty,Broodstock Collection,584,1140,
25-1-13-34208,Wallace River Hatchery,,,2024-12-06,FG,S23067,8,71,,Male,Unmarked,,,,4?,0.3,1-Jan,2,Chum,Regular Card,Non-Treaty,Broodstock Collection,585,1141,
25-1-13-34208,Wallace River Hatchery,,,2024-12-06,FG,S23067,9,72,,Male,Unmarked,,,,3?,0.2,1-Jan,2,Chum,Regular Card,Non-Treaty,Broodstock Collection,586,1142,
